Home team,Away team,Home team Points H2H,Home team Goal scored H2H,Home Team Red Cards H2H,Home Team Shot on Target H2H,Away team Points H2H,Away team Goal scored H2H,Away Team Red Cards H2H,Away Team Shot on Target H2H
Charlton,Man City,8,11,1,42,8,12,0,47
Chelsea,West Ham,46,40,1,168,10,14,4,68
Coventry,Middlesbrough,0,1,1,3,3,3,0,9
Derby,Southampton,4,3,0,7,1,2,0,10
Leeds,Everton,10,13,0,46,10,12,0,50
Leicester,Aston Villa,11,6,1,40,11,10,1,42
Liverpool,Bradford,3,1,0,10,0,0,0,2
Sunderland,Arsenal,10,8,0,50,28,23,3,96
Tottenham,Ipswich,3,4,1,12,3,3,0,9
Man United,Newcastle,55,60,0,202,7,20,2,98
Arsenal,Liverpool,33,35,3,124,27,31,4,111
Bradford,Chelsea,3,2,0,3,0,0,0,6
Ipswich,Man United,1,1,0,12,4,2,0,14
Middlesbrough,Tottenham,13,13,0,54,10,12,0,38
Everton,Charlton,12,9,0,44,9,7,1,24
Man City,Sunderland,35,37,0,110,2,15,3,49
Newcastle,Derby,7,6,1,27,1,4,0,15
Southampton,Coventry,0,1,0,4,3,2,0,5
West Ham,Leicester,19,23,2,64,13,14,3,38
Arsenal,Charlton,18,22,0,71,3,8,1,18
Bradford,Leicester,1,0,0,4,1,0,0,8
Everton,Derby,7,4,0,26,1,2,0,11
Ipswich,Sunderland,6,6,0,13,0,0,0,6
Man City,Coventry,0,1,0,5,3,2,0,8
Middlesbrough,Leeds,1,5,0,29,7,7,0,21
Newcastle,Tottenham,30,39,5,118,30,35,1,116
Southampton,Liverpool,20,20,0,68,26,22,0,81
West Ham,Man United,20,27,1,86,38,39,1,147
Aston Villa,Chelsea,24,22,2,81,30,30,4,139
Leeds,Man City,7,7,0,25,13,16,1,47
Man United,Bradford,3,6,0,12,0,0,0,4
Sunderland,West Ham,18,17,2,92,15,14,2,65
Tottenham,Everton,46,51,0,158,16,22,1,88
Charlton,Southampton,9,6,1,30,3,4,0,26
Chelsea,Arsenal,37,43,3,133,28,34,5,113
Coventry,Newcastle,0,0,0,3,3,2,0,6
Derby,Middlesbrough,1,3,0,18,7,5,0,10
Leicester,Ipswich,4,3,1,13,1,2,1,12
Liverpool,Aston Villa,40,37,1,150,16,23,1,63
Bradford,Arsenal,1,1,0,5,1,1,0,11
Coventry,Leeds,1,0,0,1,1,0,0,5
Ipswich,Aston Villa,1,1,0,8,4,2,0,4
Leicester,Southampton,24,21,0,56,9,11,0,51
Liverpool,Man City,47,43,1,140,14,29,3,80
Man United,Sunderland,35,27,0,130,5,7,2,41
Middlesbrough,Everton,11,6,0,46,14,8,0,46
Newcastle,Chelsea,29,22,2,104,32,31,0,133
Derby,Charlton,2,3,0,11,2,3,0,13
Tottenham,West Ham,42,39,0,141,9,20,3,65
Arsenal,Coventry,3,2,0,13,0,1,0,2
Aston Villa,Bradford,3,2,0,7,0,0,0,4
Charlton,Tottenham,9,10,0,40,12,11,0,38
Everton,Man United,27,26,0,113,36,33,2,151
Leeds,Ipswich,3,3,0,13,3,2,0,10
Southampton,Newcastle,25,30,1,102,16,16,0,72
Sunderland,Derby,7,4,0,29,1,2,0,17
Chelsea,Leicester,21,16,1,86,9,9,3,27
Man City,Middlesbrough,12,8,0,62,9,6,0,32
West Ham,Liverpool,23,29,1,91,35,41,1,134
Bradford,Southampton,0,0,0,6,3,1,0,4
Coventry,West Ham,0,0,0,2,3,3,0,10
Derby,Leeds,1,1,1,8,4,2,0,10
Ipswich,Arsenal,1,1,0,8,4,3,0,7
Liverpool,Sunderland,30,23,1,112,6,7,1,35
Man United,Chelsea,37,32,1,124,22,22,3,128
Middlesbrough,Aston Villa,8,9,0,60,14,15,1,57
Newcastle,Charlton,12,9,0,63,6,4,0,20
Tottenham,Man City,45,33,1,147,21,25,2,133
Leicester,Everton,13,15,1,68,22,18,1,51
Aston Villa,Derby,9,8,0,19,0,2,1,9
Charlton,Coventry,1,2,0,8,1,2,0,6
Everton,Ipswich,0,1,0,7,6,5,0,10
Leeds,Tottenham,10,11,0,37,13,20,0,55
Man City,Newcastle,53,57,0,164,5,9,1,70
Southampton,Middlesbrough,5,5,1,26,8,7,1,24
West Ham,Bradford,1,1,0,6,1,1,0,6
Arsenal,Man United,40,37,1,165,22,26,2,111
Chelsea,Liverpool,34,31,2,110,31,25,3,105
Sunderland,Leicester,8,4,0,24,5,4,0,21
Arsenal,Aston Villa,47,50,2,195,14,22,1,83
Coventry,Tottenham,3,2,1,5,0,1,0,5
Everton,Southampton,40,29,0,88,4,10,1,57
Ipswich,West Ham,1,3,0,16,4,4,0,6
Leeds,Charlton,5,7,0,25,5,6,0,26
Leicester,Man United,15,23,1,58,15,25,1,62
Man City,Bradford,3,2,0,10,0,0,0,2
Sunderland,Chelsea,8,16,1,75,32,27,3,101
Derby,Liverpool,0,1,0,8,9,7,0,26
Middlesbrough,Newcastle,6,8,1,51,15,14,0,37
Bradford,Ipswich,0,0,0,3,3,2,0,3
Charlton,Middlesbrough,10,6,0,32,7,6,0,42
Chelsea,Coventry,3,6,0,19,0,1,1,3
Liverpool,Leicester,34,24,0,104,1,6,0,24
Man United,Leeds,20,28,0,67,2,8,0,27
Newcastle,Everton,36,38,3,153,24,28,2,105
Tottenham,Derby,9,10,0,34,0,2,0,15
West Ham,Arsenal,10,21,2,78,43,41,0,147
Aston Villa,Sunderland,19,14,2,72,13,8,3,51
Southampton,Man City,14,13,1,73,23,19,1,73
Arsenal,Man City,33,28,5,124,30,27,6,101
Aston Villa,Charlton,19,10,0,44,1,2,0,18
Chelsea,Tottenham,49,43,0,157,10,14,2,86
Ipswich,Middlesbrough,6,3,0,18,0,1,0,7
Leicester,Derby,3,2,0,8,3,4,0,6
Man United,Southampton,29,36,0,103,11,11,2,61
Sunderland,Coventry,3,1,0,7,0,0,0,4
West Ham,Newcastle,21,25,0,88,27,27,1,96
Bradford,Leeds,1,1,0,6,1,1,0,9
Liverpool,Everton,51,42,3,173,12,14,4,81
Charlton,Bradford,3,2,0,7,0,0,1,8
Coventry,Man United,0,1,0,2,3,2,0,6
Leeds,Liverpool,5,7,3,40,17,20,0,68
Man City,Leicester,21,33,0,80,12,24,0,53
Middlesbrough,Arsenal,8,7,2,36,17,16,2,59
Newcastle,Ipswich,4,4,0,14,1,3,0,9
Southampton,Chelsea,9,13,1,50,39,47,0,105
Tottenham,Sunderland,37,31,1,142,4,11,2,58
Everton,Aston Villa,27,34,1,121,27,26,1,91
Derby,West Ham,2,0,0,7,5,5,0,21
Arsenal,Derby,7,6,0,26,1,0,0,5
Aston Villa,Tottenham,17,16,1,106,41,38,3,150
Bradford,Everton,0,0,0,6,3,1,0,4
Ipswich,Charlton,3,2,0,24,3,1,0,10
Leicester,Newcastle,21,26,0,51,9,8,3,34
Man United,Middlesbrough,15,13,0,92,9,9,0,40
Sunderland,Southampton,7,8,0,36,13,13,1,51
West Ham,Man City,20,21,0,74,32,38,0,120
Chelsea,Leeds,22,19,0,55,1,10,0,30
Liverpool,Coventry,3,4,0,13,0,1,0,5
Charlton,Chelsea,9,10,1,34,12,13,0,56
Derby,Bradford,3,2,0,3,0,0,0,4
Everton,Arsenal,35,30,3,92,29,36,2,127
Leeds,West Ham,6,8,0,46,15,9,1,39
Man City,Man United,35,37,0,133,32,25,4,88
Middlesbrough,Leicester,5,4,0,19,5,6,0,20
Newcastle,Sunderland,16,17,0,102,16,16,2,65
Southampton,Aston Villa,21,24,1,75,15,16,1,55
Tottenham,Liverpool,34,33,1,127,31,35,5,153
Coventry,Ipswich,0,0,0,5,3,1,0,4
Charlton,Sunderland,5,5,0,29,5,4,0,19
Coventry,Aston Villa,1,1,0,2,1,1,0,4
Derby,Man United,1,2,0,15,7,6,0,25
Everton,Chelsea,37,26,3,108,28,25,2,148
Man City,Ipswich,0,2,0,4,3,3,0,4
Middlesbrough,Bradford,1,2,1,9,1,2,0,5
Southampton,West Ham,17,11,1,69,17,11,5,56
Tottenham,Leicester,23,28,0,64,8,19,2,45
Leeds,Arsenal,5,7,0,25,17,21,1,62
Newcastle,Liverpool,28,20,3,74,28,29,2,129
Arsenal,Southampton,38,38,2,112,5,11,1,73
Aston Villa,Newcastle,36,28,0,89,18,13,4,90
Bradford,Coventry,3,2,0,6,0,1,0,7
Ipswich,Derby,3,3,0,23,3,2,1,5
Leicester,Leeds,15,11,0,41,6,6,1,33
Liverpool,Charlton,14,11,0,61,5,4,0,17
Man United,Tottenham,56,47,1,183,14,25,1,106
West Ham,Middlesbrough,19,12,0,45,1,3,2,40
Chelsea,Man City,39,34,3,113,24,19,4,103
Sunderland,Everton,16,12,0,79,22,14,0,76
Arsenal,Newcastle,55,51,2,167,7,12,2,64
Bradford,Tottenham,1,3,0,6,1,3,0,4
Charlton,Man United,1,5,2,32,19,20,0,59
Chelsea,Derby,9,12,0,26,0,3,0,7
Man City,Everton,43,43,4,159,19,16,3,76
Southampton,Leeds,18,9,1,40,6,6,1,28
Sunderland,Middlesbrough,9,7,0,41,9,8,1,31
West Ham,Aston Villa,31,25,0,98,13,15,2,100
Coventry,Leicester,3,1,0,5,0,0,0,1
Liverpool,Ipswich,3,5,0,13,3,1,0,8
Aston Villa,Man City,17,21,2,89,38,33,1,133
Derby,Coventry,3,1,0,3,0,0,0,5
Everton,West Ham,32,33,1,120,26,20,2,84
Ipswich,Southampton,3,4,0,11,3,4,0,8
Leeds,Sunderland,6,4,0,24,3,1,0,10
Leicester,Charlton,5,5,0,17,2,3,0,18
Middlesbrough,Chelsea,9,7,0,33,18,14,0,67
Newcastle,Bradford,3,2,0,6,0,1,0,3
Man United,Liverpool,38,34,6,125,29,39,2,115
Tottenham,Arsenal,39,40,0,140,18,26,5,117
Coventry,Southampton,1,1,0,5,1,1,0,2
Charlton,Everton,12,9,0,45,6,6,1,35
Chelsea,Bradford,3,3,0,8,0,0,0,1
Derby,Newcastle,6,5,0,10,3,3,0,16
Leeds,Aston Villa,5,5,1,28,17,14,0,54
Leicester,West Ham,18,19,2,46,12,18,1,46
Liverpool,Arsenal,42,58,2,177,21,29,2,105
Man United,Ipswich,6,6,0,12,0,0,0,4
Sunderland,Man City,16,9,0,63,22,18,0,86
Tottenham,Middlesbrough,21,14,1,69,3,3,2,35
Arsenal,Leicester,33,30,1,98,3,9,2,29
Aston Villa,Man United,8,15,4,114,44,36,3,139
Bradford,Sunderland,0,1,0,3,3,4,0,11
Everton,Coventry,0,1,0,9,3,2,0,5
Ipswich,Chelsea,2,2,0,18,2,2,0,6
Man City,Derby,4,1,0,13,1,0,0,6
Middlesbrough,Liverpool,13,7,1,28,10,6,0,58
Newcastle,Leeds,12,10,0,55,9,9,1,51
West Ham,Charlton,10,10,0,30,4,3,1,23
Southampton,Tottenham,23,19,4,73,20,22,0,98
Arsenal,Sunderland,32,27,0,119,5,9,1,49
Ipswich,Tottenham,6,5,0,14,0,1,0,9
Man City,Charlton,8,9,0,41,8,8,0,27
Middlesbrough,Coventry,1,1,0,6,1,1,0,3
Newcastle,Man United,19,25,0,115,37,44,1,142
Southampton,Derby,6,3,0,10,0,0,0,8
Charlton,Arsenal,4,4,1,26,16,13,0,55
Chelsea,Aston Villa,49,53,2,154,10,19,1,96
Coventry,Man City,1,1,0,9,1,1,0,5
Derby,Everton,3,4,0,9,6,6,0,16
Leeds,Middlesbrough,4,2,1,14,4,4,0,12
Leicester,Bradford,0,1,0,3,3,2,0,4
Liverpool,Southampton,39,36,0,119,9,7,1,52
Man United,West Ham,47,34,2,149,8,7,0,47
Sunderland,Ipswich,6,5,0,15,0,1,0,7
Tottenham,Newcastle,37,41,2,170,25,24,2,84
Arsenal,Chelsea,28,26,1,114,34,32,1,117
Aston Villa,Liverpool,10,16,0,98,49,35,0,137
Bradford,Man United,0,0,0,3,3,3,0,11
Everton,Tottenham,26,19,3,122,29,21,4,92
Man City,Leeds,13,25,0,71,7,8,1,24
Middlesbrough,Derby,9,10,0,18,0,1,0,8
Newcastle,Coventry,3,3,0,6,0,1,0,5
Southampton,Charlton,9,4,0,37,3,2,0,32
West Ham,Sunderland,29,17,0,83,8,7,1,70
Ipswich,Leicester,6,4,0,15,0,0,0,4
Chelsea,Ipswich,6,6,0,16,0,2,1,5
Coventry,Everton,0,1,0,5,3,3,0,4
Derby,Man City,2,2,0,9,2,2,0,9
Leeds,Newcastle,4,11,0,41,19,17,0,43
Leicester,Arsenal,10,11,1,58,22,20,2,66
Liverpool,Middlesbrough,23,17,0,72,2,4,2,28
Man United,Aston Villa,47,44,0,166,14,15,0,79
Tottenham,Southampton,34,36,1,93,16,24,1,104
Sunderland,Bradford,1,0,0,6,1,0,0,3
Charlton,West Ham,11,15,0,28,2,7,0,24
Aston Villa,Leeds,7,12,3,37,13,15,0,45
Arsenal,Bradford,3,2,0,8,0,0,0,2
Charlton,Derby,6,3,0,12,0,1,0,5
Chelsea,Newcastle,54,45,1,138,6,9,1,65
Everton,Middlesbrough,19,13,0,63,4,5,0,39
Leeds,Coventry,3,1,0,6,0,0,0,1
Man City,Liverpool,29,33,2,91,23,26,1,116
Southampton,Leicester,16,19,3,79,16,26,0,82
Sunderland,Man United,6,8,3,63,33,24,2,105
West Ham,Tottenham,32,25,1,123,29,23,3,122
Bradford,Aston Villa,0,0,0,2,3,3,0,6
Coventry,Arsenal,0,0,0,4,3,1,0,6
Derby,Sunderland,4,1,0,11,4,1,0,14
Ipswich,Leeds,0,2,1,12,6,4,0,10
Leicester,Chelsea,10,12,0,47,25,28,0,62
Liverpool,West Ham,51,42,1,152,6,10,3,59
Man United,Everton,51,45,0,181,12,20,2,91
Middlesbrough,Man City,15,18,1,53,6,9,1,40
Tottenham,Charlton,8,12,1,59,11,9,1,32
Everton,Leeds,17,17,0,63,5,3,1,19
Arsenal,Ipswich,6,3,0,18,0,0,0,5
Aston Villa,Middlesbrough,7,8,0,39,13,10,0,33
Chelsea,Man United,41,34,2,155,20,24,2,111
Everton,Leicester,18,21,0,52,9,17,0,37
Leeds,Derby,4,3,0,16,1,0,0,4
Man City,Tottenham,27,40,2,153,36,33,3,103
Southampton,Bradford,3,2,0,6,0,0,0,1
Sunderland,Liverpool,12,9,3,50,27,18,1,99
Charlton,Newcastle,12,9,0,41,6,5,1,41
West Ham,Coventry,1,1,0,9,1,1,0,4
Bradford,West Ham,0,1,0,5,3,2,0,5
Coventry,Charlton,1,2,0,7,1,2,0,7
Derby,Aston Villa,6,4,0,17,3,7,0,22
Ipswich,Everton,4,2,0,10,1,0,1,8
Leicester,Sunderland,13,9,0,32,1,2,1,20
Middlesbrough,Southampton,3,6,0,38,12,10,0,28
Newcastle,Man City,15,20,1,106,42,41,0,122
Tottenham,Leeds,21,16,1,38,3,7,0,49
Man United,Arsenal,51,47,0,157,15,23,3,122
Arsenal,West Ham,49,44,1,185,10,12,4,59
Coventry,Chelsea,1,0,0,10,1,0,0,11
Derby,Tottenham,6,3,0,17,3,4,0,18
Everton,Newcastle,45,38,4,139,15,21,4,103
Leeds,Man United,5,11,0,46,17,18,0,58
Leicester,Liverpool,22,18,1,57,16,18,0,65
Man City,Southampton,31,31,0,107,13,16,0,54
Middlesbrough,Charlton,7,4,0,44,7,5,0,29
Ipswich,Bradford,3,3,0,8,0,1,0,5
Sunderland,Aston Villa,13,12,1,77,22,19,1,74
West Ham,Chelsea,26,23,1,97,32,34,2,125
Aston Villa,Ipswich,6,4,0,10,0,2,0,6
Bradford,Man City,1,2,0,7,1,2,0,3
Charlton,Leeds,0,2,1,17,12,11,0,30
Chelsea,Sunderland,33,40,0,120,9,15,1,51
Man United,Leicester,28,22,0,79,7,9,1,41
Newcastle,Middlesbrough,13,12,0,58,7,7,1,36
Southampton,Everton,33,26,0,102,12,12,1,53
Tottenham,Coventry,3,3,0,4,0,0,0,5
West Ham,Ipswich,3,3,0,13,3,2,0,10
Aston Villa,Arsenal,9,11,1,76,45,29,1,104
Liverpool,Derby,7,9,0,23,1,1,0,8
Arsenal,Tottenham,57,58,0,173,9,26,6,102
Bradford,Newcastle,1,2,0,8,1,2,0,7
Chelsea,Middlesbrough,23,16,0,66,2,3,0,25
Coventry,Derby,3,2,1,7,0,0,0,8
Liverpool,Man United,35,32,4,128,29,16,4,67
Man City,Aston Villa,54,57,2,151,6,18,1,82
Sunderland,Leeds,3,3,0,19,6,4,1,14
West Ham,Everton,23,22,3,98,32,27,4,87
Charlton,Leicester,7,6,1,28,1,2,2,12
Southampton,Ipswich,1,3,0,9,4,6,0,10
Aston Villa,Leicester,19,16,1,48,10,15,2,49
Aston Villa,West Ham,26,23,3,101,23,26,1,94
Derby,Chelsea,1,1,0,14,7,7,1,20
Leeds,Southampton,14,11,0,46,5,4,1,43
Leicester,Coventry,0,1,0,4,3,3,0,5
Everton,Man City,31,28,2,96,31,26,3,138
Middlesbrough,Sunderland,9,6,2,32,6,5,0,26
Ipswich,Liverpool,1,1,0,7,4,7,0,13
Man United,Charlton,19,16,0,67,1,2,0,17
Tottenham,Bradford,3,2,0,13,0,1,0,5
Man City,Arsenal,35,43,1,139,26,33,3,110
Bradford,Charlton,3,2,0,8,0,0,0,8
Liverpool,Leeds,19,30,1,78,4,8,0,26
Arsenal,Middlesbrough,18,22,0,92,6,10,3,25
Aston Villa,Everton,37,36,1,108,19,23,0,105
Chelsea,Southampton,31,33,0,109,13,22,3,56
Ipswich,Newcastle,3,1,0,10,3,1,1,7
Leicester,Man City,5,6,0,30,23,13,0,53
Man United,Coventry,3,4,0,13,0,2,0,4
Sunderland,Tottenham,14,16,0,72,23,17,0,87
West Ham,Derby,9,9,0,27,0,2,1,14
Coventry,Sunderland,3,1,0,9,0,0,0,3
Derby,Leicester,3,4,0,15,3,3,0,10
Everton,Liverpool,15,23,10,94,45,43,0,137
Middlesbrough,Ipswich,1,1,0,5,4,2,0,8
Newcastle,West Ham,31,37,0,117,19,26,2,98
Charlton,Aston Villa,11,13,1,47,8,8,1,41
Tottenham,Chelsea,24,27,3,126,42,42,4,148
Arsenal,Everton,58,61,2,166,7,19,3,80
Aston Villa,Southampton,21,24,1,97,18,15,0,50
Bradford,Derby,3,2,0,9,0,0,1,3
Chelsea,Charlton,13,9,1,38,7,5,0,22
Ipswich,Coventry,3,2,0,5,0,0,0,2
Leicester,Middlesbrough,2,3,0,16,8,7,0,18
Man United,Man City,24,26,3,117,33,34,1,111
Sunderland,Newcastle,16,13,1,68,16,13,2,65
West Ham,Leeds,4,11,0,42,16,15,1,36
Liverpool,Tottenham,48,41,0,157,12,21,1,102
Coventry,Liverpool,0,0,0,4,3,2,0,6
Derby,Arsenal,0,3,0,17,9,10,1,26
Everton,Bradford,3,2,0,9,0,1,0,4
Leeds,Chelsea,9,5,3,33,12,10,0,45
Man City,West Ham,49,36,0,156,7,14,1,64
Middlesbrough,Man United,4,8,0,34,22,16,1,55
Newcastle,Leicester,21,15,0,58,15,17,0,46
Southampton,Sunderland,12,15,1,52,9,6,0,22
Tottenham,Aston Villa,44,37,0,166,14,18,2,89
Charlton,Ipswich,6,5,0,15,0,3,0,10
Bradford,Liverpool,0,0,0,4,3,2,0,10
Newcastle,Southampton,30,31,1,101,9,20,0,67
Arsenal,Leeds,18,20,0,66,6,11,5,24
Aston Villa,Coventry,3,3,0,4,0,2,0,3
Bradford,Middlesbrough,1,1,0,7,1,1,0,9
Chelsea,Everton,47,41,0,179,11,16,2,78
Leicester,Tottenham,13,22,0,75,25,31,0,81
Liverpool,Newcastle,53,50,0,166,5,14,7,63
Man United,Derby,6,9,0,29,3,2,0,16
Sunderland,Charlton,4,7,0,37,7,10,1,20
West Ham,Southampton,21,27,0,75,18,19,1,62
Ipswich,Man City,3,2,0,7,0,1,0,7
Liverpool,Chelsea,27,26,0,154,30,26,4,96
Leeds,Bradford,3,6,0,9,0,1,0,7
Southampton,Man United,13,19,1,77,31,27,0,90
Newcastle,Arsenal,22,18,3,85,37,23,3,97
Charlton,Liverpool,9,8,0,37,12,13,1,56
Coventry,Bradford,1,0,0,7,1,0,0,3
Derby,Ipswich,1,2,0,7,4,4,0,11
Everton,Sunderland,32,35,1,121,8,12,1,63
Leeds,Leicester,10,12,1,47,7,12,0,35
Man City,Chelsea,34,22,3,116,31,23,1,77
Middlesbrough,West Ham,13,10,0,39,7,7,1,36
Newcastle,Aston Villa,40,30,4,107,10,11,2,81
Southampton,Arsenal,25,21,2,58,16,17,3,87
Tottenham,Man United,18,22,0,121,42,40,2,134
Derby,Blackburn,3,3,0,10,3,3,0,22
Leicester,Bolton,1,1,0,16,4,6,0,17
Man United,Fulham,38,38,0,163,5,14,1,79
Bolton,Middlesbrough,13,8,0,47,4,2,0,33
Blackburn,Man United,14,11,2,49,14,13,1,81
Fulham,Sunderland,17,11,1,83,11,12,1,58
Blackburn,Tottenham,12,9,2,82,18,12,2,53
Fulham,Derby,2,0,1,10,2,0,0,11
Bolton,Liverpool,14,17,1,67,17,18,0,77
Leeds,Bolton,1,2,0,19,7,6,0,16
Sunderland,Blackburn,14,9,0,58,8,5,0,33
Charlton,Fulham,9,9,1,30,6,7,0,33
Bolton,Southampton,3,2,0,37,6,3,1,21
Fulham,Arsenal,10,10,2,76,34,32,3,91
Ipswich,Blackburn,1,1,0,10,1,1,0,4
Blackburn,Bolton,13,15,0,74,16,12,2,58
Arsenal,Bolton,27,24,0,114,3,10,5,34
Blackburn,Everton,13,7,1,69,16,9,0,55
Leicester,Fulham,1,1,0,15,7,4,0,11
Bolton,Sunderland,8,6,0,48,14,8,0,51
Aston Villa,Blackburn,25,20,0,64,7,8,1,38
Fulham,Chelsea,8,8,1,51,29,22,2,96
Bolton,Newcastle,21,18,1,73,9,15,1,60
Aston Villa,Fulham,29,23,0,72,8,9,1,54
Blackburn,West Ham,10,15,1,57,10,10,1,31
Arsenal,Blackburn,26,36,0,119,5,10,3,41
Man United,Bolton,27,25,1,109,6,6,0,51
Fulham,Ipswich,1,1,1,3,1,1,0,2
Aston Villa,Bolton,19,24,0,81,10,13,0,64
Fulham,Southampton,15,11,0,33,6,9,0,35
Blackburn,Leicester,4,1,0,7,1,0,0,9
Bolton,Everton,14,15,3,77,17,15,0,74
Southampton,Blackburn,7,7,0,40,4,5,2,17
West Ham,Fulham,22,21,2,85,7,12,1,57
Blackburn,Liverpool,11,13,1,49,17,16,1,87
Fulham,Newcastle,27,22,0,72,12,16,1,68
Ipswich,Bolton,0,1,0,4,3,2,0,5
Bolton,Fulham,14,8,0,78,14,11,1,62
Chelsea,Blackburn,24,25,0,112,6,7,0,38
Blackburn,Middlesbrough,9,9,2,39,9,12,0,35
Fulham,Leeds,7,4,0,24,4,2,0,19
Tottenham,Bolton,25,21,1,91,7,9,2,64
Derby,Bolton,4,2,0,12,1,1,0,10
Fulham,Everton,26,19,2,76,14,15,2,88
Blackburn,Leeds,3,3,0,20,6,4,0,15
Liverpool,Fulham,31,27,0,136,10,4,0,63
Bolton,Charlton,9,10,0,53,6,5,0,19
Newcastle,Blackburn,12,15,0,60,18,12,1,46
Tottenham,Fulham,31,25,1,110,10,9,2,67
Charlton,Blackburn,12,8,0,34,6,7,0,37
Chelsea,Bolton,24,26,0,92,6,12,1,33
Blackburn,Sunderland,12,8,2,48,9,7,1,36
Bolton,Leeds,3,4,0,25,6,7,1,16
Fulham,Charlton,14,7,0,30,2,2,0,29
Blackburn,Derby,3,3,0,19,3,2,0,8
Bolton,Leicester,2,4,2,11,2,4,1,14
Fulham,Man United,10,17,0,88,28,27,2,101
Liverpool,Bolton,31,25,0,83,1,4,0,33
Tottenham,Blackburn,23,17,1,86,8,12,2,59
Derby,Fulham,1,2,0,13,4,3,0,8
Blackburn,Charlton,15,14,0,46,3,4,2,34
Bolton,Chelsea,2,4,2,79,29,26,1,98
Fulham,Middlesbrough,15,12,0,50,6,8,0,38
Man United,Blackburn,25,27,0,117,7,11,1,49
Middlesbrough,Bolton,11,14,0,44,8,10,2,41
Sunderland,Fulham,11,7,1,62,14,12,0,40
Bolton,Man United,6,8,0,65,24,27,0,88
Blackburn,Arsenal,13,13,1,50,19,19,2,72
Ipswich,Fulham,3,1,0,8,0,0,0,3
Fulham,Aston Villa,21,17,1,99,15,16,0,61
Newcastle,Bolton,21,14,1,60,6,7,0,51
West Ham,Blackburn,20,16,0,56,2,6,1,35
Bolton,West Ham,24,19,0,73,0,3,1,44
Fulham,Blackburn,15,18,1,69,15,19,1,69
Middlesbrough,Fulham,17,12,0,55,2,6,0,33
Arsenal,Fulham,32,30,0,132,5,11,0,47
Southampton,Bolton,2,2,1,15,8,4,0,17
Bolton,Blackburn,11,10,1,73,17,13,2,58
Fulham,Liverpool,16,19,3,81,25,26,4,102
Blackburn,Aston Villa,15,13,2,74,15,14,0,79
Sunderland,Bolton,14,12,0,50,8,9,1,41
Chelsea,Fulham,35,27,2,125,5,12,0,57
Blackburn,Ipswich,3,2,0,7,0,1,0,3
Bolton,Derby,3,2,1,7,3,3,0,5
Everton,Fulham,42,35,1,111,3,9,0,75
Leeds,Blackburn,6,7,0,22,3,5,0,22
Charlton,Bolton,4,6,1,35,13,8,1,33
Fulham,Tottenham,18,17,1,99,21,21,1,59
Bolton,Aston Villa,14,16,0,78,14,16,0,57
Leicester,Blackburn,6,4,0,9,0,1,0,6
Southampton,Fulham,13,15,0,44,4,9,0,29
Blackburn,Southampton,10,7,0,30,1,1,0,16
Everton,Bolton,20,17,2,86,11,12,2,47
Fulham,West Ham,11,11,3,65,20,14,3,49
Bolton,Ipswich,3,4,0,5,0,1,0,4
Newcastle,Fulham,22,16,2,119,13,12,2,65
Blackburn,Chelsea,5,7,0,54,26,16,0,79
Bolton,Tottenham,24,21,0,83,6,13,1,66
Leeds,Fulham,9,9,0,29,3,6,0,19
Middlesbrough,Blackburn,4,3,2,38,16,9,0,35
Blackburn,Newcastle,13,17,1,73,13,16,3,57
Fulham,Bolton,29,24,0,81,2,7,0,44
Fulham,Leicester,5,3,0,18,5,3,0,16
Everton,Blackburn,17,14,1,73,14,10,1,68
Bolton,Arsenal,15,14,1,86,15,15,1,72
Liverpool,Blackburn,25,23,0,90,4,9,1,39
Blackburn,Fulham,23,18,2,69,8,10,1,52
West Ham,Bolton,8,11,0,58,14,14,1,43
Man United,West Brom,24,19,0,114,12,7,3,38
Southampton,Middlesboro,1,0,0,5,1,0,0,5
Arsenal,Birmingham,17,12,1,59,2,3,2,15
Birmingham,Blackburn,15,12,1,46,6,10,0,38
Middlesboro,Fulham,1,2,0,3,1,2,0,4
West Brom,Leeds,0,1,0,3,6,8,0,10
Arsenal,West Brom,34,30,0,110,4,9,0,36
Everton,Birmingham,11,8,1,52,5,5,0,20
Birmingham,Leeds,6,6,0,12,0,2,0,13
Middlesboro,Blackburn,3,1,0,3,0,0,0,7
West Brom,Fulham,14,9,1,52,8,7,3,37
Man United,Middlesboro,3,1,0,1,0,0,0,3
Middlesboro,Sunderland,3,3,0,7,0,0,0,6
Liverpool,Birmingham,10,13,0,66,7,7,1,20
West Ham,West Brom,18,17,0,56,9,13,1,53
Everton,Middlesboro,3,2,0,8,0,1,0,5
West Brom,Southampton,14,9,0,37,11,5,1,37
Man City,Blackburn,15,17,2,76,9,12,0,43
Birmingham,Aston Villa,8,7,0,36,11,5,0,21
Liverpool,West Brom,27,21,0,115,9,9,2,35
Middlesboro,Birmingham,3,1,0,4,0,0,0,3
Birmingham,Newcastle,4,4,0,30,10,8,0,25
Tottenham,Middlesboro,0,0,0,4,3,3,0,12
West Brom,Blackburn,8,9,1,41,8,8,3,35
Middlesboro,Bolton,3,2,0,2,0,0,0,4
Newcastle,West Brom,26,23,0,86,8,14,1,39
West Ham,Birmingham,7,7,1,43,7,4,0,21
West Brom,Birmingham,7,8,0,32,4,5,1,11
Charlton,Middlesboro,3,1,0,7,0,0,0,5
Birmingham,Man City,11,9,2,29,8,8,0,35
Chelsea,West Brom,32,30,1,118,5,10,1,42
Middlesboro,Leeds,1,2,1,7,1,2,1,7
Birmingham,Bolton,15,11,0,39,6,6,1,35
West Brom,Man City,10,13,1,54,28,28,3,82
Newcastle,Middlesboro,3,2,0,13,0,0,1,9
Bolton,West Brom,10,8,1,58,4,4,0,38
Chelsea,Birmingham,17,15,0,74,2,4,0,17
Middlesboro,Liverpool,3,1,0,3,0,0,0,7
Chelsea,Middlesboro,3,1,0,5,0,0,0,4
West Brom,Aston Villa,12,10,2,51,15,13,1,62
Birmingham,Fulham,9,6,1,37,9,7,4,34
Everton,West Brom,25,21,1,94,10,12,2,56
Middlesboro,Man City,3,3,0,7,0,1,1,5
Sunderland,Birmingham,7,7,1,22,7,5,0,39
Birmingham,Tottenham,10,9,0,43,7,7,0,48
Man City,Bolton,21,18,3,84,9,8,0,37
West Brom,Middlesboro,3,1,0,8,0,0,0,2
Middlesboro,West Ham,1,2,0,5,1,2,0,8
Southampton,Birmingham,5,2,0,16,2,0,0,9
Tottenham,West Brom,24,20,0,89,9,10,0,51
Aston Villa,West Brom,19,17,3,74,10,14,1,49
Middlesboro,Chelsea,1,1,0,6,1,1,0,11
Fulham,Birmingham,9,7,0,38,9,6,1,20
Arsenal,Middlesboro,3,2,0,14,0,0,1,1
Birmingham,Charlton,2,3,2,28,8,5,0,19
West Brom,Sunderland,23,20,0,59,5,6,0,35
Birmingham,Everton,6,7,1,40,12,8,1,45
Middlesboro,Man United,3,3,0,5,0,1,0,6
West Brom,Arsenal,12,16,0,49,24,24,1,83
Aston Villa,Middlesboro,3,1,0,9,0,0,1,4
Charlton,West Brom,4,2,2,19,4,4,0,23
Fulham,Man City,8,17,0,71,26,29,0,93
Man United,Birmingham,21,17,0,73,0,0,1,19
Blackburn,Middlesboro,3,1,0,10,0,0,0,3
Leeds,Birmingham,3,2,1,12,3,2,0,8
Middlesboro,Southampton,1,2,0,4,1,2,0,8
West Brom,Man United,6,14,1,52,30,32,1,76
Birmingham,Arsenal,5,5,2,19,14,16,0,58
Blackburn,Birmingham,13,12,1,47,4,8,0,34
Leeds,West Brom,4,3,0,13,1,1,1,6
Fulham,Middlesboro,3,1,0,6,0,0,0,4
Middlesboro,Aston Villa,0,2,0,8,3,5,0,9
Man City,Fulham,25,30,0,99,13,14,1,61
West Brom,Charlton,0,1,0,20,9,4,0,8
Bolton,Birmingham,14,13,1,57,5,7,0,24
Man City,West Brom,30,29,0,113,6,9,3,55
Birmingham,Man United,4,5,0,39,13,8,1,43
Birmingham,Chelsea,6,2,0,24,12,5,1,48
Liverpool,Middlesboro,1,1,0,10,1,1,0,2
West Brom,Bolton,10,7,0,38,4,5,0,37
Fulham,West Brom,23,22,0,62,2,3,1,49
Sunderland,Middlesboro,0,1,0,4,3,3,0,5
Birmingham,Liverpool,10,9,2,20,7,9,0,48
West Brom,West Ham,12,14,0,65,18,18,0,61
Blackburn,Man City,14,12,2,65,14,14,1,52
Middlesboro,Everton,1,1,0,2,1,1,0,5
Southampton,West Brom,17,11,3,47,8,7,1,28
Aston Villa,Birmingham,11,12,2,40,8,8,0,51
Middlesboro,Newcastle,3,1,0,4,0,0,0,0
Leeds,Middlesboro,0,2,0,8,3,3,0,3
Man City,Birmingham,17,14,1,57,2,2,1,23
West Brom,Chelsea,11,15,0,57,26,27,3,94
Birmingham,West Brom,7,7,0,16,4,4,0,21
Middlesboro,Charlton,1,1,0,6,1,1,0,4
Bolton,Man City,12,12,1,69,15,12,1,54
Middlesboro,West Brom,3,3,0,12,0,0,0,6
Tottenham,Birmingham,18,15,1,59,3,7,1,25
Birmingham,Sunderland,13,9,0,30,1,3,1,20
Man City,Middlesboro,1,0,0,6,1,0,0,1
West Brom,Everton,14,14,0,62,23,14,1,66
Charlton,Birmingham,7,6,0,20,4,4,0,22
Middlesboro,Arsenal,0,0,0,3,3,2,0,2
Sunderland,West Brom,11,15,0,67,14,13,0,47
Birmingham,Southampton,9,7,0,19,0,4,1,16
West Brom,Tottenham,14,15,1,62,20,18,1,90
West Ham,Middlesboro,3,1,0,9,0,0,0,2
Birmingham,Middlesboro,3,3,0,6,0,0,0,4
West Brom,Liverpool,10,10,1,67,25,25,1,81
Blackburn,West Brom,9,7,1,53,6,4,0,43
Middlesboro,Tottenham,3,5,0,16,0,1,1,4
Newcastle,Birmingham,15,8,0,51,3,4,2,22
Birmingham,West Ham,5,6,0,30,8,7,1,34
Bolton,Middlesboro,3,2,0,6,0,1,1,3
West Brom,Newcastle,14,13,0,59,17,17,1,68
Blackburn,Wolves,9,12,0,38,3,4,0,21
Portsmouth,Aston Villa,8,9,3,48,11,9,3,37
Man City,Portsmouth,17,16,0,56,2,3,1,22
Wolves,Charlton,0,0,0,4,3,4,1,6
Portsmouth,Bolton,11,12,0,49,8,7,0,23
Man United,Wolves,17,12,0,62,11,6,0,51
Wolves,Portsmouth,1,0,0,7,4,1,0,10
Arsenal,Portsmouth,17,18,1,56,2,5,0,30
Southampton,Wolves,3,5,0,36,15,8,0,20
Portsmouth,Blackburn,8,9,3,50,11,8,2,45
Wolves,Chelsea,12,8,0,31,15,16,0,43
Birmingham,Portsmouth,10,8,0,23,4,2,0,25
Bolton,Wolves,8,4,0,40,2,2,0,18
Portsmouth,Charlton,3,6,0,26,9,7,0,22
Wolves,Man City,10,11,0,40,19,27,1,61
Fulham,Wolves,8,7,0,36,5,2,1,15
Portsmouth,Liverpool,10,9,0,38,10,9,1,45
Newcastle,Portsmouth,11,8,0,45,5,5,0,24
Wolves,Leicester,14,10,0,21,2,6,1,32
Man United,Portsmouth,21,20,0,69,0,1,0,25
Middlesbrough,Wolves,3,2,0,11,0,0,1,2
Portsmouth,Leeds,3,6,0,6,0,1,0,5
Wolves,Birmingham,4,2,0,15,4,2,0,9
Everton,Wolves,14,10,3,51,11,8,2,32
Fulham,Portsmouth,13,11,1,49,7,8,1,46
Portsmouth,Leicester,0,0,0,7,3,2,0,3
Wolves,Newcastle,13,11,0,34,7,9,0,25
Middlesbrough,Portsmouth,7,5,1,47,7,7,1,26
Tottenham,Wolves,10,11,0,75,13,11,0,40
Leicester,Birmingham,0,0,2,5,3,2,0,4
Portsmouth,Everton,7,5,0,61,13,6,0,26
Aston Villa,Wolves,6,11,0,37,15,14,0,30
Southampton,Portsmouth,6,5,0,12,0,1,0,13
Arsenal,Wolves,21,16,0,72,6,8,2,31
Portsmouth,Tottenham,10,7,2,54,10,6,1,40
Chelsea,Portsmouth,21,17,0,69,0,2,0,25
Wolves,Leeds,6,10,3,33,9,10,1,29
Aston Villa,Portsmouth,14,9,0,52,5,4,1,37
Wolves,Blackburn,2,5,0,22,8,8,0,31
Charlton,Wolves,3,2,0,4,0,0,0,4
Portsmouth,Man City,13,11,0,57,7,8,0,46
Bolton,Portsmouth,13,9,0,55,7,7,1,33
Wolves,Man United,7,5,1,44,19,13,0,52
Wolves,Liverpool,2,2,0,26,23,13,0,62
Portsmouth,Wolves,4,3,0,18,1,1,0,15
Tottenham,Portsmouth,19,17,0,69,1,7,0,34
Wolves,Arsenal,3,4,1,43,21,16,5,37
Leeds,Wolves,6,7,0,22,6,5,0,20
Portsmouth,Chelsea,1,1,0,35,19,15,0,58
Wolves,Fulham,13,8,0,29,1,3,0,17
Leicester,Wolves,17,6,1,27,2,0,0,19
Portsmouth,Newcastle,7,4,0,41,7,6,0,24
Birmingham,Middlesbrough,9,8,0,28,3,4,1,27
Birmingham,Leicester,0,0,0,4,3,1,0,2
Everton,Portsmouth,15,10,0,51,6,6,0,36
Wolves,Aston Villa,13,12,1,53,13,15,0,49
Liverpool,Portsmouth,17,16,0,64,2,3,0,21
Liverpool,Wolves,24,19,0,58,3,5,1,37
Middlesbrough,Birmingham,12,10,0,28,0,4,0,24
Portsmouth,Southampton,6,5,0,16,0,1,0,16
Blackburn,Portsmouth,15,12,0,45,6,5,0,30
Chelsea,Wolves,16,20,0,68,4,8,0,30
Wolves,Southampton,14,14,0,34,5,9,0,53
Charlton,Portsmouth,7,5,0,31,4,4,0,24
Man City,Wolves,22,18,1,82,4,10,3,26
Portsmouth,Birmingham,8,10,0,40,5,7,2,26
Wolves,Bolton,3,7,0,28,9,9,0,32
Portsmouth,Man United,10,8,1,50,10,10,1,59
Wolves,Middlesbrough,3,2,0,8,0,0,0,10
Birmingham,Wolves,5,5,1,20,2,4,0,14
Leeds,Portsmouth,0,1,0,6,3,2,0,5
Portsmouth,Fulham,9,8,0,65,9,8,0,37
Wolves,Everton,15,11,0,40,9,11,1,58
Portsmouth,Arsenal,4,3,1,35,13,10,0,48
Leicester,Portsmouth,3,3,0,9,0,1,0,7
Newcastle,Wolves,16,13,2,54,7,8,0,43
Portsmouth,Middlesbrough,13,10,0,51,4,4,0,27
Wolves,Tottenham,5,8,1,60,23,16,0,71
Norwich,Crystal Palace,8,7,0,26,8,8,0,36
Crystal Palace,Everton,13,13,0,50,16,12,3,55
Man United,Norwich,24,26,0,72,3,9,0,30
Crystal Palace,Chelsea,6,5,1,24,24,16,1,51
Newcastle,Norwich,17,15,0,52,5,8,3,43
Middlesbrough,Crystal Palace,3,3,0,19,3,3,0,6
Norwich,Arsenal,5,6,0,33,20,26,0,72
Portsmouth,Crystal Palace,3,3,0,7,0,1,0,3
Tottenham,Norwich,20,18,1,66,5,4,0,21
Crystal Palace,Man City,7,4,0,20,22,12,0,60
Norwich,Aston Villa,7,6,0,38,19,14,0,57
Aston Villa,Crystal Palace,11,8,1,37,8,5,0,34
Liverpool,Norwich,23,28,0,87,2,7,0,29
Norwich,Portsmouth,1,2,0,9,1,2,0,5
Crystal Palace,Fulham,4,3,0,14,4,4,1,15
Bolton,Crystal Palace,3,1,0,7,0,0,0,2
West Brom,Norwich,4,3,0,30,10,6,0,17
Crystal Palace,West Brom,15,11,0,35,6,4,0,23
Norwich,Everton,15,15,0,43,6,12,0,43
Birmingham,Crystal Palace,0,0,0,11,3,1,0,1
Man City,Norwich,19,32,0,58,4,6,1,18
Crystal Palace,Arsenal,15,21,0,47,18,16,2,58
Norwich,Blackburn,2,4,0,11,2,4,1,16
Charlton,Norwich,3,4,0,11,0,0,0,4
Liverpool,Crystal Palace,21,21,0,68,9,10,0,30
West Brom,Middlesbrough,4,4,1,25,7,4,1,16
Crystal Palace,Newcastle,9,10,0,42,15,13,0,42
Norwich,Southampton,19,10,0,27,1,4,1,35
Birmingham,Norwich,1,1,0,10,1,1,0,3
Southampton,Crystal Palace,17,20,0,51,14,14,0,43
Norwich,Fulham,2,2,0,24,8,4,0,27
Portsmouth,West Brom,7,6,0,18,1,4,0,13
Crystal Palace,Charlton,0,0,0,3,3,1,0,7
Crystal Palace,Blackburn,1,0,0,1,1,0,1,8
Norwich,Bolton,6,5,0,13,0,2,0,9
Chelsea,Norwich,22,33,0,79,1,2,4,18
Man United,Crystal Palace,28,21,0,66,7,7,1,22
Crystal Palace,Portsmouth,0,0,0,10,3,1,0,6
Norwich,Tottenham,5,4,0,23,20,25,0,78
Middlesbrough,Norwich,3,2,0,11,0,0,0,2
Tottenham,Crystal Palace,29,23,0,62,2,2,3,29
Fulham,Crystal Palace,4,6,1,20,7,7,0,28
Portsmouth,Norwich,1,1,0,6,1,1,1,5
Crystal Palace,Aston Villa,15,12,0,46,12,10,1,31
Norwich,Liverpool,0,9,0,34,27,28,0,64
Aston Villa,Norwich,25,20,1,48,1,4,0,37
Man City,Crystal Palace,22,27,3,62,10,9,0,24
Crystal Palace,Tottenham,16,16,0,45,16,9,3,43
Norwich,Middlesbrough,1,4,0,9,1,4,0,15
West Brom,Crystal Palace,9,10,1,31,9,13,1,28
Everton,Norwich,20,14,0,60,5,4,0,27
Crystal Palace,Bolton,0,0,0,7,3,1,0,6
Norwich,West Brom,6,7,0,27,9,5,0,31
Blackburn,Norwich,6,5,0,19,0,0,0,11
Arsenal,Crystal Palace,21,24,0,75,6,12,1,42
Crystal Palace,Birmingham,3,2,0,2,0,0,0,5
Norwich,Man City,5,9,1,34,20,27,1,76
Crystal Palace,Man United,12,7,1,34,15,9,0,46
Norwich,Chelsea,1,8,0,31,25,21,0,72
Bolton,Norwich,3,2,1,17,3,2,0,7
Chelsea,Crystal Palace,30,29,0,93,6,8,0,26
Arsenal,Norwich,22,18,0,70,1,6,0,24
Crystal Palace,Middlesbrough,3,1,0,16,3,1,0,9
Norwich,Man United,6,5,0,41,21,10,0,57
Everton,Crystal Palace,24,28,0,68,9,17,0,47
Crystal Palace,Norwich,17,16,0,41,2,4,1,29
Blackburn,Crystal Palace,3,1,0,7,0,0,0,3
Norwich,Newcastle,14,12,1,44,11,15,2,54
Crystal Palace,Liverpool,7,15,1,53,28,32,1,77
Middlesbrough,West Brom,5,7,0,32,5,4,0,29
Norwich,Charlton,3,1,0,6,0,0,0,6
Newcastle,Crystal Palace,23,11,0,48,5,5,0,27
Southampton,Norwich,22,20,0,57,1,7,1,22
Crystal Palace,Southampton,13,14,1,50,19,17,1,51
Norwich,Birmingham,3,1,0,4,0,0,1,9
Charlton,Crystal Palace,1,2,0,5,1,2,0,6
Fulham,Norwich,12,14,0,30,0,1,0,13
West Brom,Portsmouth,7,5,0,15,1,2,0,7
Wigan,Chelsea,4,6,0,52,19,17,1,48
Charlton,Wigan,6,2,0,11,0,0,0,1
Wigan,Sunderland,11,10,1,52,8,9,1,38
West Brom,Wigan,4,9,0,44,10,10,0,27
Wigan,Middlesbrough,4,2,0,25,7,3,0,9
Everton,Wigan,17,15,0,75,5,7,0,43
Wigan,Bolton,9,6,1,51,9,8,0,35
Wigan,Newcastle,18,11,1,43,3,3,1,30
Aston Villa,Wigan,6,4,0,54,15,11,1,42
Sunderland,Portsmouth,4,5,0,22,7,7,1,21
Wigan,Fulham,8,5,0,51,11,7,0,30
Portsmouth,Wigan,9,8,0,37,6,4,0,30
Wigan,Arsenal,5,8,1,45,17,17,0,60
Wigan,Tottenham,7,9,1,46,13,13,0,58
Liverpool,Wigan,17,16,0,74,5,7,1,29
Chelsea,Wigan,22,23,0,87,1,4,1,41
Man United,Wigan,24,28,0,82,0,1,3,34
Wigan,Charlton,6,6,0,17,0,2,0,6
Portsmouth,West Ham,6,5,1,40,6,6,0,23
Wigan,Man City,11,12,1,36,11,11,1,48
West Ham,Wigan,13,11,0,46,7,9,0,50
Wigan,Blackburn,11,16,0,47,8,16,2,31
Birmingham,Wigan,10,6,1,23,1,2,0,19
Wigan,West Brom,7,5,0,37,7,5,1,27
Middlesbrough,Wigan,5,4,0,17,5,4,0,25
Wigan,Everton,7,7,1,41,13,10,1,44
Bolton,Wigan,8,11,0,49,11,7,0,41
Wigan,Liverpool,6,3,0,44,15,12,0,50
Tottenham,Wigan,14,21,0,68,8,7,0,38
Wigan,Man United,3,4,0,42,21,22,0,56
Sunderland,Wigan,10,10,0,48,10,8,1,38
Man City,Wigan,16,9,1,38,7,2,1,39
West Ham,Portsmouth,4,5,0,31,10,7,0,37
Wigan,West Ham,12,8,1,54,9,9,1,41
Blackburn,Wigan,16,12,1,45,4,6,1,52
Wigan,Birmingham,7,7,0,34,4,5,1,19
Newcastle,Wigan,17,14,0,55,2,6,3,40
Wigan,Aston Villa,6,8,0,50,15,14,0,43
Portsmouth,Sunderland,10,7,1,35,1,3,2,19
Fulham,Wigan,17,11,0,40,5,5,0,44
Wigan,Portsmouth,7,3,1,39,7,4,0,25
Arsenal,Wigan,21,21,0,66,3,6,2,29
Everton,Watford,14,17,0,37,11,22,0,47
Reading,Middlesbrough,4,4,0,16,1,3,0,16
Sheffield United,Liverpool,1,1,0,7,7,4,0,19
Tottenham,Sheffield United,7,7,0,29,1,1,0,8
Watford,West Ham,8,10,0,35,14,17,2,43
Aston Villa,Reading,9,6,0,21,0,2,1,12
Fulham,Sheffield United,6,2,0,12,0,0,0,3
Watford,Man United,15,22,0,49,12,14,4,48
Wigan,Reading,7,4,0,21,1,2,0,15
Bolton,Watford,3,1,0,2,0,0,0,6
Sheffield United,Blackburn,1,0,0,9,1,0,0,1
Reading,Man City,6,3,0,22,3,2,1,33
Sheffield United,Reading,0,1,0,7,3,2,0,2
Watford,Aston Villa,16,15,1,38,1,8,1,14
Arsenal,Sheffield United,7,6,0,20,1,2,0,10
Reading,Man United,1,4,0,14,7,7,0,22
Wigan,Watford,1,1,0,4,1,1,0,4
Sheffield United,Middlesbrough,3,2,0,7,0,1,0,2
West Ham,Reading,4,5,0,31,4,4,1,18
Watford,Fulham,1,3,0,4,1,3,0,3
Arsenal,Watford,21,16,0,51,3,2,3,22
Man City,Sheffield United,7,3,0,15,1,0,0,4
Reading,Chelsea,1,3,2,13,7,5,1,16
Charlton,Watford,1,0,0,8,1,0,0,3
Everton,Sheffield United,3,2,0,14,6,3,1,8
Reading,Arsenal,0,3,0,11,9,12,0,33
Portsmouth,Reading,6,10,0,29,0,5,0,11
Sheffield United,Chelsea,0,1,0,5,6,4,0,10
Watford,Tottenham,6,5,1,24,18,11,1,53
Liverpool,Reading,9,5,0,31,0,1,0,10
Newcastle,Sheffield United,3,1,0,8,3,1,0,7
Watford,Middlesbrough,4,2,0,11,1,0,0,3
Chelsea,Watford,19,20,0,51,1,10,1,21
Sheffield United,Bolton,1,2,0,4,1,2,0,4
Reading,Tottenham,3,4,0,12,6,5,0,21
Portsmouth,Watford,3,2,0,11,0,1,0,4
Reading,Charlton,3,2,0,4,0,0,0,2
Sheffield United,Man United,1,6,0,17,7,8,0,28
Fulham,Reading,3,5,2,24,6,6,0,21
West Ham,Sheffield United,7,5,0,20,1,1,0,14
Watford,Sheffield United,1,0,1,8,4,1,0,10
Reading,Bolton,3,1,0,9,3,2,0,11
Sheffield United,Charlton,3,2,0,10,0,1,0,4
Man City,Watford,22,30,0,66,1,4,0,20
Newcastle,Reading,6,7,0,27,3,4,0,10
Watford,Reading,1,0,0,5,1,0,0,1
Sheffield United,Aston Villa,7,5,1,15,1,2,0,9
Newcastle,Watford,10,8,0,23,10,10,0,35
Reading,Blackburn,1,1,1,7,4,2,0,13
Wigan,Sheffield United,0,0,0,6,3,1,0,7
Liverpool,Watford,24,23,0,57,0,1,0,24
Portsmouth,Sheffield United,3,3,0,6,0,1,0,6
Reading,Everton,6,3,0,16,3,3,0,23
Chelsea,Reading,7,7,0,26,1,4,0,8
Sheffield United,Man City,0,0,0,15,9,3,0,21
Watford,Arsenal,4,12,0,40,19,20,0,43
Man United,Reading,7,4,0,29,1,2,2,6
Sheffield United,Arsenal,6,2,0,9,3,3,0,12
Fulham,Watford,2,1,0,7,2,1,1,11
Middlesbrough,Sheffield United,3,3,0,7,0,1,0,3
Reading,West Ham,6,7,0,14,3,3,0,15
Sheffield United,Portsmouth,1,1,0,3,1,1,0,6
Watford,Liverpool,4,6,0,22,19,25,1,61
Everton,Reading,7,5,0,25,1,2,0,14
Aston Villa,Watford,6,6,0,20,12,7,0,26
Reading,Sheffield United,3,3,0,10,0,1,1,1
Watford,Blackburn,3,2,0,7,0,1,0,3
Reading,Wigan,6,5,1,20,3,6,0,27
Sheffield United,Fulham,4,3,0,14,1,1,0,6
Man United,Watford,15,8,0,34,3,0,0,16
Blackburn,Sheffield United,3,2,1,6,0,1,0,5
Man City,Reading,6,3,0,26,3,3,0,7
Watford,Bolton,0,0,0,3,3,1,0,4
Reading,Aston Villa,3,4,0,19,6,4,0,25
Sheffield United,Tottenham,3,3,0,10,3,4,0,6
West Ham,Watford,15,10,0,34,6,6,1,24
Watford,Wigan,1,1,0,6,1,1,1,13
Liverpool,Sheffield United,9,8,0,16,0,1,0,6
Middlesbrough,Reading,3,2,0,11,3,2,0,7
Watford,Everton,10,7,0,21,10,9,1,38
Arsenal,Reading,9,8,0,35,0,2,0,8
Sheffield United,Everton,1,1,0,8,4,2,0,5
Watford,Charlton,1,2,0,10,1,2,0,5
Chelsea,Sheffield United,7,9,0,22,1,3,0,9
Reading,Portsmouth,1,0,1,5,4,2,0,18
Tottenham,Watford,22,14,0,55,1,2,0,17
Bolton,Sheffield United,3,1,0,12,0,0,0,4
Watford,Chelsea,4,9,0,40,19,12,1,41
Tottenham,Reading,9,10,0,39,0,5,0,15
Middlesbrough,Watford,3,4,0,17,3,2,0,5
Reading,Liverpool,4,4,0,13,4,3,0,23
Sheffield United,Newcastle,3,2,0,21,6,4,1,10
Charlton,Reading,1,0,0,5,1,0,0,6
Watford,Portsmouth,3,4,0,10,0,2,0,6
Reading,Fulham,4,4,0,15,4,5,0,21
Sheffield United,West Ham,6,4,0,13,3,1,0,8
Man United,Sheffield United,3,3,0,14,3,2,0,6
Blackburn,Watford,3,3,0,10,0,1,0,4
Bolton,Reading,3,4,0,27,3,3,0,9
Charlton,Sheffield United,1,1,0,2,1,1,0,10
Watford,Man City,1,6,0,27,22,25,0,71
Sheffield United,Watford,4,2,0,10,1,1,0,5
Reading,Newcastle,7,5,0,20,1,3,0,16
Aston Villa,Sheffield United,6,4,0,13,0,0,1,3
Reading,Watford,0,0,0,7,3,2,0,4
Blackburn,Reading,4,7,0,12,1,5,0,14
Sheffield United,Wigan,0,1,0,5,3,2,1,3
Watford,Newcastle,10,8,0,27,4,6,0,22
Derby,Portsmouth,1,2,0,5,1,2,0,6
Derby,Birmingham,0,1,0,8,3,2,0,6
Sunderland,Reading,6,5,0,19,0,1,0,9
Reading,Derby,3,1,0,3,0,0,0,0
Birmingham,Reading,1,1,0,9,1,1,0,6
Reading,Sunderland,6,4,0,14,0,2,0,10
Derby,Wigan,0,0,1,1,3,1,0,4
Portsmouth,Derby,3,3,0,8,0,1,0,5
Birmingham,Derby,1,1,0,7,1,1,0,3
Wigan,Derby,3,2,0,18,0,0,0,3
Reading,Birmingham,3,2,0,8,0,1,0,7
Derby,Reading,0,0,0,2,3,4,0,7
Bolton,Stoke,10,11,1,35,1,3,0,17
Hull,Fulham,9,10,0,23,0,1,0,17
Blackburn,Hull,4,2,0,15,1,1,1,8
Stoke,Aston Villa,14,10,0,31,8,9,0,32
Hull,Wigan,3,2,0,11,3,6,0,10
Middlesbrough,Stoke,4,3,0,14,1,2,1,3
Newcastle,Hull,1,5,1,13,7,7,0,12
Stoke,Everton,11,11,1,50,14,12,0,62
Liverpool,Stoke,22,16,0,71,4,2,0,24
Hull,Everton,8,9,0,24,5,8,1,25
Arsenal,Hull,10,10,0,41,4,4,1,17
Stoke,Chelsea,8,7,1,28,20,19,0,76
Portsmouth,Stoke,3,3,0,23,3,3,1,12
Tottenham,Hull,10,6,0,52,4,1,0,19
Hull,West Ham,11,9,1,23,2,6,0,28
Stoke,Tottenham,9,11,3,47,21,19,4,73
West Brom,Hull,7,5,0,27,4,5,0,21
Man City,Stoke,25,26,0,79,4,3,0,23
Hull,Chelsea,1,3,0,21,13,11,0,39
Stoke,Sunderland,18,11,1,56,6,5,1,36
Man United,Hull,13,14,0,45,1,4,0,17
Stoke,Arsenal,18,13,1,45,9,12,2,61
Hull,Bolton,3,1,0,16,3,1,0,16
Wigan,Stoke,7,7,0,49,4,5,0,24
Man United,Stoke,28,29,0,81,1,7,0,35
Hull,Man City,4,6,0,23,10,12,1,34
Portsmouth,Hull,4,5,0,17,1,4,0,11
Stoke,West Brom,13,9,2,36,10,6,0,48
Stoke,Hull,13,8,0,17,1,2,0,14
Hull,Middlesbrough,6,6,0,12,0,3,1,11
Newcastle,Stoke,15,16,0,50,6,8,2,24
Liverpool,Hull,11,15,0,46,2,4,1,10
Stoke,Fulham,13,10,0,36,4,5,0,24
Blackburn,Stoke,4,4,0,28,7,4,0,20
Hull,Sunderland,4,3,2,29,10,8,3,20
Man City,Hull,11,12,0,41,2,4,0,20
Stoke,Man United,10,10,1,35,16,13,0,62
West Ham,Stoke,11,9,0,55,11,7,1,44
Hull,Aston Villa,4,2,0,18,7,3,0,16
Everton,Hull,13,14,0,34,1,3,1,6
Stoke,Liverpool,14,17,0,38,14,14,1,56
Chelsea,Stoke,28,28,0,110,1,5,1,27
Hull,Arsenal,0,4,2,12,15,15,0,42
Tottenham,Stoke,18,22,1,104,9,10,0,32
West Ham,Hull,15,11,0,40,0,1,2,26
Hull,West Brom,6,5,0,23,3,3,0,16
Stoke,Man City,11,9,2,39,14,14,0,63
Chelsea,Hull,13,8,0,31,1,1,1,13
Sunderland,Stoke,20,16,1,49,5,5,3,40
Stoke,Portsmouth,4,3,0,5,1,2,0,9
Hull,Tottenham,1,5,1,21,13,17,0,41
Aston Villa,Stoke,7,7,1,32,13,11,1,30
Hull,Blackburn,1,1,1,12,4,2,1,15
Fulham,Hull,4,4,0,23,4,3,0,9
Stoke,Bolton,7,7,0,24,4,4,0,31
Everton,Stoke,19,15,0,86,10,8,0,33
Hull,Newcastle,1,2,0,13,7,8,0,15
Stoke,Middlesbrough,6,3,0,12,0,0,0,10
Wigan,Hull,4,3,0,13,1,2,0,5
Hull,Portsmouth,2,0,0,4,2,0,1,4
West Brom,Stoke,10,6,0,55,16,11,1,28
Middlesbrough,Hull,6,4,0,13,0,1,0,8
Stoke,Newcastle,16,11,0,33,7,6,0,30
Stoke,Blackburn,12,8,0,29,0,1,1,21
Sunderland,Hull,9,9,2,18,6,6,0,29
Fulham,Stoke,15,7,0,35,3,2,1,14
Hull,Liverpool,10,7,1,23,4,4,0,33
Stoke,West Ham,12,10,0,39,12,11,0,49
Aston Villa,Hull,12,9,0,27,0,2,0,11
Hull,Stoke,5,4,1,21,8,6,1,17
Bolton,Hull,2,3,0,15,2,3,0,19
Stoke,Wigan,6,8,0,25,6,7,1,32
Arsenal,Stoke,30,25,0,80,0,4,0,29
Hull,Man United,1,3,0,27,13,8,2,30
Stoke,Burnley,7,6,0,16,4,3,0,20
Wolves,West Ham,13,8,0,43,7,6,0,38
Wigan,Wolves,6,5,0,32,3,3,1,10
Burnley,Man United,7,4,0,19,19,11,1,55
Birmingham,Stoke,4,1,0,10,1,0,0,8
Burnley,Everton,22,17,0,36,4,12,2,49
Chelsea,Burnley,16,17,3,66,7,7,0,18
Wolves,Hull,1,1,0,17,1,1,0,4
Liverpool,Burnley,19,15,0,69,4,3,0,22
Burnley,Sunderland,7,7,0,15,1,2,0,14
Hull,Birmingham,0,0,0,11,3,1,0,9
Tottenham,Burnley,25,22,0,70,1,3,0,24
Sunderland,Wolves,4,6,0,23,4,5,0,25
Burnley,Birmingham,3,2,0,13,0,1,0,6
Blackburn,Burnley,3,3,0,6,0,2,0,5
Burnley,Wigan,0,1,0,9,3,3,0,8
Burnley,Hull,7,4,0,10,1,1,1,10
Stoke,Wolves,7,7,0,19,1,3,0,13
Man City,Burnley,23,26,1,61,2,6,0,17
Burnley,Aston Villa,5,9,0,34,14,15,0,50
West Ham,Burnley,18,15,0,61,6,11,2,26
Portsmouth,Burnley,3,2,0,4,0,0,0,8
Burnley,Fulham,2,2,0,11,2,2,0,9
Burnley,Arsenal,3,2,0,26,21,8,0,33
Wolves,Burnley,10,4,0,29,7,5,0,22
Burnley,Bolton,1,1,0,7,1,1,0,5
Everton,Burnley,21,17,0,62,6,7,2,41
Stoke,Birmingham,3,3,0,18,3,3,0,15
Man United,Burnley,20,20,1,69,5,9,0,25
Wolves,Wigan,3,4,1,20,6,5,1,29
Bolton,Burnley,3,1,0,6,0,0,0,5
Burnley,Chelsea,1,6,0,20,28,31,0,58
Hull,Wolves,1,2,0,4,1,2,0,4
Burnley,West Ham,10,9,0,31,13,9,1,44
Fulham,Burnley,6,7,0,27,3,4,0,10
Aston Villa,Burnley,8,10,0,50,8,8,3,35
Burnley,Portsmouth,0,1,0,8,3,2,1,5
Arsenal,Burnley,18,15,2,70,6,4,0,26
Burnley,Stoke,8,3,0,12,2,1,0,15
Burnley,Wolves,12,6,0,30,3,3,0,18
Wigan,Burnley,3,1,0,11,0,0,0,8
West Ham,Wolves,15,10,0,38,6,4,0,25
Burnley,Blackburn,0,0,0,3,3,1,0,5
Burnley,Man City,4,5,0,24,22,21,0,63
Hull,Burnley,1,2,0,8,7,6,1,12
Wolves,Stoke,4,3,0,20,4,3,0,11
Birmingham,Hull,1,0,0,7,1,0,0,4
Sunderland,Burnley,7,4,0,19,1,1,0,11
Burnley,Liverpool,3,4,0,39,27,19,0,57
Birmingham,Burnley,3,2,0,4,0,1,0,7
Burnley,Tottenham,13,7,0,36,10,8,0,37
Wolves,Sunderland,9,7,0,25,0,4,2,26
Wigan,Blackpool,0,0,0,6,3,4,0,7
Arsenal,Blackpool,3,6,0,16,0,0,1,1
Blackpool,Fulham,1,2,0,5,1,2,0,7
Newcastle,Blackpool,0,0,0,13,3,2,0,4
Chelsea,Blackpool,3,4,0,15,0,0,0,4
Blackpool,Blackburn,0,1,0,8,3,2,0,8
Liverpool,Blackpool,0,1,0,10,3,2,0,7
Blackpool,Man City,0,2,0,5,3,3,0,8
Birmingham,Blackpool,3,2,0,8,0,0,0,6
Blackpool,West Brom,3,2,0,8,0,1,2,5
Blackpool,Everton,1,2,0,8,1,2,0,14
Aston Villa,Blackpool,3,3,0,12,0,2,0,6
West Ham,Blackpool,1,0,0,4,1,0,0,5
Blackpool,Wolves,3,2,0,9,0,1,0,10
Bolton,Blackpool,1,2,0,14,1,2,0,10
Stoke,Blackpool,0,0,0,5,3,1,0,5
Sunderland,Blackpool,0,0,0,16,3,2,0,4
Man City,Blackpool,3,1,0,4,0,0,0,6
Blackpool,Birmingham,0,1,0,13,3,2,0,7
Blackpool,Liverpool,3,2,0,9,0,1,0,6
West Brom,Blackpool,3,3,0,11,0,2,0,2
Blackpool,Sunderland,0,1,0,7,3,2,0,6
Blackpool,Man United,0,2,0,4,3,3,0,13
Blackpool,West Ham,0,1,0,8,3,3,0,10
Everton,Blackpool,3,5,0,16,0,3,0,7
Blackpool,Aston Villa,1,1,0,5,1,1,1,4
West Brom,Wolves,5,4,0,26,2,2,0,22
Blackpool,Tottenham,3,3,0,4,0,1,0,10
Wolves,Blackpool,3,4,0,11,0,0,1,1
Blackpool,Chelsea,0,1,0,5,3,3,0,11
Blackburn,Blackpool,1,2,0,7,1,2,0,6
Fulham,Blackpool,3,3,0,11,0,0,0,6
Blackpool,Arsenal,0,1,0,6,3,3,0,7
Blackpool,Wigan,0,1,0,9,3,3,0,5
Blackpool,Newcastle,1,1,0,7,1,1,0,6
Blackpool,Stoke,1,0,0,6,1,0,0,6
Tottenham,Blackpool,1,1,0,11,1,1,0,7
Wolves,West Brom,3,6,0,24,6,9,0,27
Blackpool,Bolton,3,4,0,8,0,3,0,9
Man United,Blackpool,3,4,0,11,0,2,0,7
QPR,Bolton,0,0,1,7,3,4,0,7
Wigan,Norwich,4,2,0,17,1,1,0,8
Man City,Swansea,21,19,0,63,0,3,0,27
Everton,QPR,6,5,0,22,3,2,0,12
Swansea,Wigan,4,2,0,17,1,1,0,11
Norwich,Stoke,6,4,1,27,3,3,1,12
Swansea,Sunderland,9,12,2,39,6,7,0,20
Wigan,QPR,4,4,0,19,1,2,0,13
Arsenal,Swansea,10,9,1,44,10,10,0,30
QPR,Newcastle,4,3,0,12,4,3,1,18
Swansea,West Brom,18,14,0,32,3,4,0,25
Wolves,QPR,0,0,0,6,3,3,0,12
Chelsea,Swansea,19,17,2,55,1,6,0,27
QPR,Aston Villa,5,4,1,25,2,2,0,13
Norwich,Sunderland,9,6,0,27,3,5,1,17
Fulham,QPR,6,9,1,18,0,2,0,21
Swansea,Stoke,13,13,0,40,7,7,1,24
Norwich,Swansea,8,7,0,25,2,4,0,15
QPR,Blackburn,1,1,0,6,1,1,0,9
Wolves,Swansea,1,2,0,13,1,2,0,14
QPR,Chelsea,4,1,0,13,4,1,2,17
Swansea,Bolton,3,3,0,12,0,1,1,3
Tottenham,QPR,9,9,0,32,0,2,0,15
Liverpool,Swansea,16,21,0,65,4,7,0,22
QPR,Man City,2,4,0,16,5,5,0,21
Stoke,QPR,6,6,0,15,3,4,0,20
Swansea,Man United,7,7,0,34,13,15,0,48
Norwich,QPR,4,3,0,12,1,2,0,8
Swansea,Aston Villa,11,8,0,26,2,3,0,18
Blackburn,Swansea,3,4,0,9,0,2,1,5
QPR,West Brom,4,5,0,19,4,5,0,22
Liverpool,QPR,9,4,0,43,0,1,1,7
Swansea,Fulham,6,4,0,26,3,3,0,17
Newcastle,Swansea,5,8,0,35,11,8,0,23
QPR,Man United,0,0,0,12,9,6,0,27
Wolves,Norwich,4,5,0,21,4,5,0,20
Everton,Swansea,12,9,0,38,6,6,1,24
QPR,Sunderland,6,6,0,22,3,4,0,22
Swansea,QPR,7,7,0,23,1,2,0,16
Arsenal,QPR,9,4,1,23,0,1,1,8
Swansea,Tottenham,2,7,0,21,17,15,0,47
Aston Villa,Swansea,4,4,0,24,10,6,0,22
QPR,Norwich,1,1,1,13,4,2,0,15
Newcastle,QPR,9,3,0,18,0,0,0,17
Swansea,Arsenal,9,9,0,25,12,15,0,43
QPR,Wigan,4,4,1,10,1,2,0,14
Sunderland,Swansea,6,4,0,17,9,6,1,29
Swansea,Chelsea,6,5,1,27,12,11,1,43
Aston Villa,QPR,5,8,0,28,2,7,0,19
Sunderland,Norwich,5,5,1,20,5,4,1,18
QPR,Wolves,0,1,1,8,3,2,0,6
West Brom,Swansea,11,10,0,36,8,8,0,28
Blackburn,QPR,3,3,0,5,0,2,0,13
Swansea,Norwich,6,9,0,29,6,7,0,26
QPR,Fulham,3,2,1,17,3,2,0,6
Stoke,Swansea,17,14,0,30,2,6,0,26
QPR,Everton,2,3,0,17,5,4,1,12
Stoke,Norwich,9,5,0,16,3,2,1,10
Wigan,Swansea,0,2,0,19,6,5,1,14
Bolton,QPR,3,2,0,7,0,1,0,11
Norwich,Wigan,4,3,0,16,1,2,0,15
Swansea,Man City,5,7,0,28,14,15,0,55
Fulham,Swansea,0,2,0,23,9,7,0,21
QPR,Liverpool,3,5,0,18,6,8,0,27
Norwich,Wolves,6,3,1,30,6,3,0,16
Sunderland,QPR,4,3,0,21,4,3,1,19
Swansea,Everton,6,4,1,34,12,9,1,48
QPR,Arsenal,3,3,0,17,6,4,0,27
Tottenham,Swansea,19,15,0,75,1,4,0,21
Swansea,Newcastle,10,8,0,40,7,5,1,28
Man United,QPR,9,9,0,33,0,1,1,15
QPR,Swansea,4,4,0,25,4,6,1,20
Swansea,Blackburn,3,3,0,8,0,0,0,2
West Brom,QPR,6,5,1,24,3,6,0,19
Bolton,Swansea,1,1,0,5,1,1,0,12
QPR,Tottenham,4,2,1,12,4,2,0,22
Swansea,Wolves,1,4,0,8,1,4,0,9
Chelsea,QPR,6,8,0,37,3,3,0,13
Man United,Swansea,16,12,0,54,4,5,0,27
QPR,Stoke,4,3,0,28,4,4,0,9
Man City,QPR,9,12,0,47,0,3,1,11
Swansea,Liverpool,11,8,0,41,8,6,1,46
Reading,Stoke,1,1,0,3,1,1,1,3
Southampton,Wigan,0,0,0,9,3,2,0,8
Swansea,West Ham,9,9,0,32,6,6,0,26
Norwich,West Ham,5,5,0,29,11,15,0,29
West Brom,Reading,3,1,0,4,0,0,0,1
QPR,West Ham,1,1,1,16,4,2,0,12
Swansea,Reading,1,2,0,16,1,2,0,6
QPR,Reading,1,1,0,12,1,1,0,8
Reading,Norwich,1,0,0,3,1,0,0,3
Southampton,Swansea,11,7,1,30,5,3,0,18
QPR,Southampton,0,1,0,10,6,4,0,20
Southampton,Reading,3,1,0,9,0,0,0,2
Reading,Swansea,1,0,0,2,1,0,0,4
Stoke,Southampton,9,9,2,24,6,8,1,26
West Ham,Norwich,19,14,0,45,1,3,0,28
Reading,West Brom,3,3,0,7,0,2,0,6
West Ham,QPR,4,3,0,16,1,1,0,9
West Ham,Swansea,15,9,1,37,3,5,1,17
Wigan,Southampton,1,2,0,3,1,2,0,7
Stoke,Reading,3,2,0,10,0,1,0,4
Southampton,QPR,3,3,0,18,3,3,0,5
Reading,Southampton,0,0,0,3,3,2,0,4
Norwich,Reading,3,2,0,9,0,1,0,6
Swansea,Southampton,4,2,1,22,13,5,0,28
Reading,QPR,1,0,0,7,1,0,0,5
Southampton,Stoke,6,4,0,27,9,5,0,18
West Ham,Cardiff,6,5,0,15,0,1,0,6
Hull,Norwich,3,1,1,1,0,0,0,4
Stoke,Crystal Palace,6,6,0,20,9,7,0,14
Cardiff,Man City,3,3,0,8,3,7,0,15
Cardiff,Everton,1,0,0,1,1,0,0,3
Crystal Palace,Sunderland,3,4,1,23,9,9,1,20
Hull,Cardiff,1,1,0,5,1,1,0,2
Cardiff,Tottenham,0,0,0,0,3,1,0,12
Crystal Palace,Swansea,4,2,0,16,10,6,0,19
Fulham,Cardiff,0,1,0,5,3,2,0,4
Cardiff,Newcastle,1,1,0,3,4,2,1,16
Chelsea,Cardiff,6,8,0,14,0,2,0,5
Norwich,Cardiff,1,0,0,10,1,0,0,4
Cardiff,Swansea,3,1,0,3,0,0,1,3
Aston Villa,Cardiff,3,2,0,6,0,0,0,2
Southampton,Hull,7,6,0,13,1,1,0,7
Hull,Crystal Palace,4,5,0,10,4,4,1,10
Cardiff,Man United,1,2,0,4,1,2,0,5
Cardiff,Arsenal,0,2,0,7,6,6,0,17
Crystal Palace,West Ham,7,15,1,47,22,22,1,44
Stoke,Cardiff,1,0,0,2,1,0,0,3
Crystal Palace,Cardiff,3,2,0,5,0,0,0,2
Swansea,Hull,4,4,0,9,4,4,1,7
Cardiff,West Brom,3,1,0,3,0,0,0,2
Liverpool,Cardiff,6,7,0,14,0,2,0,4
Cardiff,Southampton,3,1,0,4,3,3,0,7
Cardiff,Sunderland,1,2,0,7,1,2,0,9
Arsenal,Cardiff,3,2,0,6,0,0,0,2
Cardiff,West Ham,0,0,0,7,3,2,1,3
Crystal Palace,Stoke,13,10,0,26,1,4,0,15
Man City,Cardiff,3,4,0,9,0,2,0,6
Norwich,Hull,3,1,0,4,0,0,1,0
Crystal Palace,Hull,6,5,0,10,3,2,1,11
Man United,Cardiff,3,2,0,5,0,0,0,1
Cardiff,Norwich,3,2,0,5,0,1,0,6
Swansea,Cardiff,3,3,0,6,0,0,0,1
Cardiff,Aston Villa,1,0,0,3,1,0,0,6
Hull,Southampton,3,2,0,7,6,3,0,17
Cardiff,Hull,0,0,0,5,3,4,0,6
Swansea,Crystal Palace,7,9,1,23,4,8,0,20
Tottenham,Cardiff,6,2,0,13,0,0,1,8
Cardiff,Fulham,6,7,0,14,0,3,0,10
Everton,Cardiff,6,3,0,14,0,1,0,4
Sunderland,Crystal Palace,2,5,0,15,8,9,0,19
Cardiff,Liverpool,0,3,0,3,3,6,0,9
West Brom,Cardiff,1,3,0,6,1,3,0,5
Cardiff,Crystal Palace,0,0,0,4,3,3,0,8
Hull,Swansea,6,3,0,14,3,2,0,8
Southampton,Cardiff,0,0,0,7,3,1,0,4
Cardiff,Stoke,1,1,0,4,1,1,0,5
West Ham,Crystal Palace,12,18,1,45,15,18,2,33
Sunderland,Cardiff,3,4,0,7,0,0,1,1
Newcastle,Cardiff,3,3,0,6,0,0,0,3
Cardiff,Chelsea,0,1,0,4,3,2,0,7
QPR,Hull,0,0,0,6,3,1,0,4
Swansea,Burnley,9,5,0,19,0,2,0,6
Crystal Palace,Burnley,10,6,0,34,10,8,0,15
Stoke,Leicester,3,6,0,22,6,7,1,18
Crystal Palace,Leicester,11,16,0,39,11,12,1,30
West Brom,Burnley,7,9,0,21,4,2,0,12
Leicester,Burnley,17,18,0,44,5,11,0,29
Swansea,Leicester,6,5,0,13,6,5,0,16
Leicester,West Brom,5,7,0,22,8,6,0,13
QPR,Leicester,3,3,0,6,0,2,0,5
Burnley,Newcastle,7,8,0,34,16,11,0,35
QPR,Burnley,3,2,1,6,0,0,0,3
Burnley,Southampton,19,12,0,32,4,2,0,28
Hull,Leicester,3,2,1,10,3,2,1,7
QPR,Crystal Palace,1,0,0,3,1,0,0,3
Newcastle,Burnley,14,10,0,25,2,5,0,12
Burnley,QPR,3,2,0,7,0,1,0,7
Burnley,Crystal Palace,12,16,0,48,9,16,0,45
Leicester,Stoke,7,6,0,27,4,2,0,9
Leicester,Crystal Palace,18,12,1,28,6,9,0,30
Burnley,West Brom,3,4,0,10,6,5,2,12
Hull,QPR,3,2,0,6,0,1,1,3
Burnley,Swansea,3,2,0,16,6,2,0,12
Crystal Palace,QPR,3,3,0,4,0,1,0,4
Leicester,Hull,4,3,0,8,1,1,1,9
Southampton,Burnley,13,15,0,46,10,12,0,37
West Brom,Leicester,0,5,0,18,15,14,0,23
Leicester,Swansea,10,9,0,26,1,2,0,11
Burnley,Leicester,10,6,0,28,13,10,0,45
Leicester,QPR,3,5,0,7,0,1,0,2
Bournemouth,Aston Villa,3,2,1,8,3,2,0,8
Watford,West Brom,7,3,1,11,1,0,0,4
Liverpool,Bournemouth,7,6,0,17,1,2,0,5
West Ham,Bournemouth,7,10,1,22,7,7,1,22
Watford,Southampton,2,5,0,20,14,9,0,23
Bournemouth,Leicester,8,6,0,14,2,3,1,15
Norwich,Bournemouth,6,4,1,9,0,1,1,5
Watford,Swansea,6,3,1,17,3,2,0,11
Bournemouth,Sunderland,3,3,0,12,3,2,2,6
Stoke,Bournemouth,3,3,0,13,6,4,0,11
Watford,Crystal Palace,6,6,0,20,15,15,0,26
Bournemouth,Watford,2,3,0,14,8,8,0,18
Norwich,Leicester,0,4,0,14,12,8,0,14
Man City,Bournemouth,12,16,1,34,0,2,0,5
Stoke,Watford,4,2,0,10,4,2,0,7
Bournemouth,Tottenham,1,2,0,7,7,9,0,21
Southampton,Bournemouth,7,5,1,18,4,4,0,15
Bournemouth,Newcastle,1,2,0,10,4,3,0,5
Leicester,Watford,24,23,0,49,0,7,1,30
Swansea,Bournemouth,2,2,0,10,5,5,0,15
Bournemouth,Everton,11,11,1,29,2,7,1,17
Chelsea,Bournemouth,6,5,0,26,9,5,0,16
Watford,Norwich,3,2,3,19,9,9,0,7
Bournemouth,Man United,6,5,0,23,9,8,0,28
Sunderland,Watford,3,1,0,6,3,1,0,10
West Brom,Bournemouth,6,4,2,12,3,3,0,13
Bournemouth,Crystal Palace,5,4,0,16,5,5,0,12
Arsenal,Bournemouth,12,9,0,19,0,1,0,9
Leicester,Bournemouth,6,5,0,16,3,3,1,9
Bournemouth,West Ham,5,9,0,28,5,10,0,23
Southampton,Watford,8,9,0,45,14,11,1,29
Bournemouth,Norwich,4,3,0,10,1,0,0,4
Swansea,Watford,4,2,0,10,4,2,0,8
Sunderland,Bournemouth,1,1,0,10,4,2,0,12
Crystal Palace,Bournemouth,5,5,1,18,5,5,0,15
Bournemouth,Arsenal,5,7,1,24,8,9,0,18
Bournemouth,Stoke,4,5,0,12,4,6,0,13
Crystal Palace,Watford,15,7,0,32,3,3,4,10
Leicester,Norwich,13,11,0,32,1,1,0,19
Watford,Bournemouth,4,4,1,18,7,8,0,23
Bournemouth,Southampton,5,4,0,16,5,4,0,17
Newcastle,Bournemouth,6,5,0,22,6,6,0,18
Watford,Leicester,6,7,0,23,12,18,0,35
Bournemouth,Swansea,9,6,0,15,0,2,0,8
Watford,Stoke,0,1,1,6,9,4,0,9
Tottenham,Bournemouth,12,11,0,33,0,2,0,8
Bournemouth,Man City,0,2,0,13,12,11,1,25
Aston Villa,Bournemouth,0,2,0,8,6,4,0,7
West Brom,Watford,4,5,0,11,4,4,1,12
Bournemouth,Liverpool,3,5,0,17,12,16,0,29
Bournemouth,Chelsea,0,2,0,6,9,8,0,14
Everton,Bournemouth,9,10,0,19,0,5,0,14
Bournemouth,West Brom,7,4,0,14,1,2,0,12
Norwich,Watford,3,7,0,26,12,13,1,33
Watford,Sunderland,4,3,0,16,1,2,0,7
Man United,Bournemouth,7,5,0,14,1,2,1,8
Burnley,Watford,9,4,0,18,6,3,1,26
Bournemouth,Hull,3,6,0,10,0,1,0,4
Middlesbrough,Bournemouth,3,2,0,3,0,0,0,3
Watford,Hull,3,1,0,0,0,0,0,2
Burnley,Bournemouth,6,8,0,16,3,4,0,14
Middlesbrough,Swansea,3,3,0,4,0,0,0,2
Burnley,Middlesbrough,3,1,0,4,0,0,0,2
Hull,Bournemouth,3,3,0,3,0,1,0,6
Watford,Burnley,3,6,0,19,15,12,1,34
Swansea,Middlesbrough,1,0,0,3,1,0,0,1
Middlesbrough,Burnley,1,0,0,5,1,0,0,2
Bournemouth,Middlesbrough,3,4,0,10,0,0,1,2
Hull,Watford,3,2,1,3,0,0,0,2
Bournemouth,Burnley,3,3,0,8,6,4,0,8
Brighton,Man City,3,6,0,23,12,16,1,50
Crystal Palace,Huddersfield,0,0,0,4,3,3,0,6
Leicester,Brighton,9,8,0,25,3,3,0,21
Huddersfield,Newcastle,3,1,0,3,0,0,0,5
Huddersfield,Southampton,1,0,0,6,1,0,0,3
Watford,Brighton,4,2,1,11,13,9,0,23
Brighton,West Brom,4,4,0,9,1,2,0,6
West Ham,Huddersfield,3,2,0,3,0,0,0,2
Bournemouth,Brighton,6,5,0,6,0,2,0,10
Huddersfield,Leicester,1,1,0,3,1,1,0,1
Burnley,Huddersfield,2,1,0,6,2,1,0,4
Brighton,Newcastle,9,7,3,24,3,3,0,9
Huddersfield,Tottenham,0,0,0,6,6,6,0,13
Arsenal,Brighton,6,8,0,34,12,8,0,20
Swansea,Huddersfield,3,2,0,3,0,0,0,2
Brighton,Everton,5,4,0,19,11,9,0,28
West Ham,Brighton,5,8,0,30,8,11,0,24
Huddersfield,Man United,3,2,0,3,0,1,0,3
Liverpool,Huddersfield,3,3,0,8,0,0,0,0
Brighton,Southampton,4,8,1,24,10,11,0,23
Huddersfield,West Brom,3,1,1,3,0,0,0,3
Swansea,Brighton,0,0,0,2,3,1,0,2
Bournemouth,Huddersfield,6,6,1,7,0,1,0,9
Brighton,Stoke,1,2,0,3,1,2,0,6
Man United,Brighton,18,12,0,43,0,2,3,16
Huddersfield,Man City,0,1,1,0,3,2,0,5
Brighton,Crystal Palace,7,7,1,24,7,6,0,14
Arsenal,Huddersfield,6,6,0,9,0,0,0,2
Brighton,Liverpool,1,2,0,14,13,12,0,35
Everton,Huddersfield,4,3,0,5,1,1,0,9
Huddersfield,Brighton,3,3,1,8,3,2,0,8
Huddersfield,Chelsea,0,1,0,3,6,6,0,9
Tottenham,Brighton,9,6,0,16,9,5,0,26
Brighton,Burnley,3,1,0,13,12,10,0,20
Watford,Huddersfield,3,4,1,9,3,4,1,16
Brighton,Watford,13,8,0,14,1,1,0,6
Southampton,Huddersfield,1,1,0,6,1,1,0,3
Chelsea,Brighton,10,7,0,37,4,3,1,22
Huddersfield,Stoke,1,1,0,8,1,1,0,7
Huddersfield,Burnley,1,0,0,1,1,0,0,4
Newcastle,Brighton,11,6,0,24,8,7,1,26
Brighton,Bournemouth,4,4,0,12,1,2,0,10
Leicester,Huddersfield,6,6,0,13,0,1,0,3
Huddersfield,West Ham,1,2,0,9,4,5,0,11
West Brom,Brighton,6,3,0,6,0,0,0,7
Brighton,Chelsea,4,5,0,17,10,11,0,29
Stoke,Huddersfield,3,2,0,6,0,0,0,3
Huddersfield,Liverpool,0,0,0,2,6,4,0,9
Southampton,Brighton,5,7,0,24,8,8,0,24
Brighton,West Ham,17,15,0,36,2,6,0,17
Man United,Huddersfield,3,2,0,7,0,0,0,0
Stoke,Brighton,1,1,0,3,1,1,0,6
Huddersfield,Bournemouth,3,4,0,4,0,1,0,2
Brighton,Swansea,3,4,0,5,0,1,0,1
West Brom,Huddersfield,0,1,0,3,3,2,0,7
Tottenham,Huddersfield,3,2,0,7,0,0,0,3
Brighton,Arsenal,6,2,0,14,6,2,0,16
Everton,Brighton,12,16,0,36,9,12,1,27
Huddersfield,Swansea,1,0,0,4,1,0,1,0
Huddersfield,Crystal Palace,0,0,0,4,6,3,0,8
Brighton,Leicester,10,8,0,23,10,10,2,29
Newcastle,Huddersfield,3,1,0,3,0,0,0,0
Brighton,Huddersfield,1,1,1,4,1,1,0,5
Crystal Palace,Brighton,8,8,0,22,5,7,1,28
Huddersfield,Watford,3,1,0,1,0,0,0,2
Brighton,Tottenham,7,6,0,20,13,9,0,41
Burnley,Brighton,5,5,0,24,11,7,0,28
Huddersfield,Everton,0,0,0,2,3,2,0,5
Brighton,Man United,15,18,0,30,3,5,0,24
Man City,Huddersfield,4,6,0,16,1,1,0,4
Chelsea,Huddersfield,1,1,0,5,1,1,0,2
Man City,Brighton,21,19,0,42,0,1,0,10
Huddersfield,Arsenal,0,0,0,3,3,1,0,4
Liverpool,Brighton,12,13,1,36,6,8,0,30
Bournemouth,Cardiff,3,2,0,4,0,0,0,1
Huddersfield,Cardiff,1,0,1,1,1,0,0,4
Brighton,Fulham,2,2,0,10,2,2,0,8
Cardiff,Burnley,0,1,0,5,3,2,0,2
Crystal Palace,Wolves,13,8,0,28,4,2,1,16
Wolves,Watford,12,14,0,18,3,2,0,8
Brighton,Wolves,5,6,0,15,11,8,0,31
Fulham,Bournemouth,0,0,1,1,3,3,0,5
Cardiff,Leicester,0,0,0,2,3,1,0,5
Huddersfield,Fulham,3,1,0,2,0,0,0,1
Cardiff,Brighton,3,2,0,6,0,1,1,3
Wolves,Huddersfield,0,0,0,3,3,2,0,6
Cardiff,Wolves,3,2,0,3,0,1,0,4
Bournemouth,Sheffield United,1,1,0,3,1,1,0,3
Sheffield United,Crystal Palace,3,1,0,3,3,2,0,12
Sheffield United,Leicester,0,2,0,4,6,4,0,6
Sheffield United,Southampton,0,0,1,6,6,3,0,12
Burnley,Norwich,6,2,0,18,3,0,0,8
Aston Villa,Brighton,12,9,0,27,3,3,2,14
Brighton,Norwich,6,2,0,17,3,0,0,0
Sheffield United,Burnley,6,4,0,9,0,0,0,3
Bournemouth,Wolves,0,1,1,2,3,2,0,7
Wolves,Sheffield United,4,2,0,8,1,1,0,6
Norwich,Sheffield United,0,1,0,4,3,2,0,3
Brighton,Sheffield United,1,1,0,7,4,2,1,5
Watford,Wolves,3,2,1,9,9,7,0,19
Brighton,Aston Villa,2,1,0,14,11,7,0,16
Crystal Palace,Sheffield United,3,2,0,7,3,1,0,5
Sheffield United,Bournemouth,3,2,0,6,0,1,0,2
Sheffield United,Wolves,0,0,0,2,3,2,0,4
Sheffield United,Leeds,0,0,0,4,3,1,0,9
Wolves,Crystal Palace,3,2,0,20,9,6,1,26
Crystal Palace,Leeds,6,4,0,27,3,1,0,9
West Brom,Sheffield United,3,1,0,6,0,0,0,5
Southampton,Sheffield United,3,3,0,6,0,0,0,0
Fulham,Brighton,1,0,0,4,1,0,0,4
Leeds,Burnley,12,10,0,25,0,3,0,12
Burnley,Sheffield United,3,1,0,3,0,0,0,3
Leeds,Brighton,3,3,0,17,6,4,0,20
Sheffield United,West Brom,3,2,0,6,0,1,0,4
Leeds,Crystal Palace,12,5,0,16,0,0,0,6
Leicester,Sheffield United,3,5,0,10,0,0,0,0
Leeds,Sheffield United,3,2,0,8,0,1,0,1
Sheffield United,Brighton,3,1,0,3,0,0,0,4
Brighton,Leeds,6,2,0,17,3,0,0,14
Wolves,Brighton,3,2,0,9,9,10,2,30
Burnley,Leeds,3,3,0,13,6,7,0,12
Brentford,Arsenal,9,6,0,9,0,0,0,12
Crystal Palace,Brentford,3,0,0,6,3,0,0,9
Aston Villa,Brentford,3,3,0,15,3,3,0,6
Brentford,Brighton,0,0,0,3,9,3,0,6
Wolves,Brentford,0,0,0,0,9,6,3,9
Brentford,Liverpool,3,9,0,12,3,9,0,18
Leeds,Watford,9,3,0,12,0,0,0,3
West Ham,Brentford,0,3,0,15,9,6,0,18
Norwich,Brighton,3,0,0,9,3,0,0,9
Brentford,Chelsea,0,0,0,21,9,3,0,3
Brentford,Leicester,0,3,0,15,9,6,0,18
Burnley,Brentford,9,9,0,18,0,3,0,15
Norwich,Leeds,0,3,0,9,9,6,0,18
Brentford,Norwich,0,3,0,21,9,6,0,15
Newcastle,Brentford,3,9,0,27,3,9,0,12
Brentford,Everton,9,3,0,12,0,0,0,15
Tottenham,Brentford,9,6,0,18,0,0,0,6
Leeds,Brentford,3,6,0,18,3,6,0,9
Brentford,Watford,9,6,0,15,0,3,0,6
Brighton,Brentford,9,6,0,15,0,0,0,18
Brentford,Man City,0,0,0,6,9,3,0,9
Brentford,Aston Villa,9,6,0,12,0,3,0,15
Southampton,Brentford,9,12,0,18,0,3,0,12
Liverpool,Brentford,9,9,0,39,0,0,0,3
Brentford,Man United,0,3,0,24,9,9,0,15
Brentford,Wolves,0,3,0,3,9,6,0,6
Man City,Brentford,9,6,0,21,0,0,0,6
Brentford,Crystal Palace,3,0,0,6,3,0,0,9
Arsenal,Brentford,9,6,0,24,0,3,0,6
Brentford,Newcastle,0,0,3,3,9,6,0,33
Norwich,Brentford,0,3,0,21,9,9,0,18
Brentford,Burnley,9,6,0,12,0,0,3,3
Leeds,Norwich,9,6,0,21,0,3,0,12
Leicester,Brentford,9,6,0,12,0,3,0,18
Chelsea,Brentford,0,3,0,24,9,12,0,18
Watford,Leeds,0,0,0,3,9,9,0,15
Brentford,West Ham,9,6,0,21,0,0,0,3
Norwich,Burnley,9,6,0,18,0,0,0,12
Watford,Brentford,0,3,0,12,9,6,0,15
Brentford,Tottenham,3,0,0,6,3,0,0,0
Man United,Brentford,9,9,0,15,0,0,0,12
Brentford,Southampton,9,9,0,15,0,0,0,12
Everton,Brentford,0,6,6,15,9,9,0,21
Brentford,Leeds,0,3,3,15,9,6,0,18
