Date,HomeTeam,AwayTeam,FTHG,FTAG,FTR,HST,AST,HR,AR,HomeTeamPointLast5,HomeTeamGoalScoredLast5,HomeTeamGoalConcededLast5,HomeTeamShotTargetLast5,HomeTeamRedLast5,AwayTeamPointLast5,AwayTeamGoalScoredLast5,AwayTeamGoalConcededLast5,AwayTeamShotTargetLast5,AwayTeamRedLast5,HomeTeamPointH2HLast5,HomeTeamGoalScoredH2HLast5,HomeTeamGoalConcededH2HLast5,HomeTeamShotTargetH2HLast5,HomeTeamRedH2HLast5,AwayTeamPointH2HLast5,AwayTeamGoalScoredH2HLast5,AwayTeamGoalConcededH2HLast5,AwayTeamShotTargetH2HLast5,AwayTeamRedH2HLast5,FTR_Prediction
2022-08-05,Crystal Palace,Arsenal,0,2,A,2,2,0,0,10,7,5,24,0,9,9,8,31,1,8,11,7,28,0,5,7,11,21,0,D
2022-08-06,Fulham,Liverpool,2,2,D,3,4,0,0,1,2,10,14,0,13,9,4,32,0,4,4,10,15,0,10,10,4,33,0,A
2022-08-06,Bournemouth,Aston Villa,2,0,H,3,2,0,0,6,6,8,15,2,5,8,8,26,0,9,6,4,15,1,3,4,6,16,0,H
2022-08-06,Leeds,Wolves,2,1,H,4,6,0,0,4,4,11,15,2,2,5,14,17,0,8,8,7,27,0,5,7,8,29,2,H
2022-08-06,Newcastle,Nottingham,2,0,H,10,0,0,0,9,7,7,22,0,0,0,0,0,0,0,0,0,0,0,0,0,0,0,0,H
2022-08-06,Tottenham,Southampton,4,1,H,8,2,0,0,13,13,2,37,0,1,5,13,16,0,5,8,9,31,0,8,9,8,29,2,H
2022-08-06,Everton,Chelsea,0,1,A,4,6,0,0,7,8,11,22,2,8,8,5,30,0,8,4,4,15,0,5,4,4,39,0,A
2022-08-07,Leicester,Brentford,2,2,D,5,3,0,0,10,14,5,31,0,7,7,7,23,1,12,8,4,20,0,0,4,8,22,0,H
2022-08-07,Man United,Brighton,1,2,A,5,4,0,0,4,5,9,22,0,11,13,4,33,0,9,6,9,31,0,6,9,6,21,2,A
2022-08-07,West Ham,Man City,0,2,A,1,2,0,0,4,8,8,14,1,13,19,5,33,0,2,7,10,13,0,11,10,7,37,0,A
2022-08-13,Aston Villa,Everton,2,1,H,4,4,0,0,2,5,9,21,0,4,6,11,22,2,13,8,0,14,0,1,0,8,9,0,H
2022-08-13,Arsenal,Leicester,4,2,H,7,2,0,0,9,9,7,26,1,11,15,5,27,0,15,11,1,30,0,0,1,11,25,0,H
2022-08-13,Brighton,Newcastle,0,0,D,7,1,0,0,13,13,3,32,0,9,6,7,25,0,5,7,6,24,2,8,6,7,11,0,H
2022-08-13,Man City,Bournemouth,4,0,H,7,1,0,0,13,17,5,29,0,9,8,5,17,2,15,14,3,29,1,0,3,14,13,0,H
2022-08-13,Southampton,Leeds,2,2,D,4,5,0,0,0,4,15,13,0,7,6,8,17,2,8,4,4,25,0,5,4,4,13,0,H
2022-08-13,Wolves,Fulham,0,0,D,1,3,0,0,2,6,13,22,0,2,4,10,14,0,10,5,6,21,0,4,6,5,33,0,H
2022-08-13,Brentford,Man United,4,0,H,7,4,0,0,7,9,9,24,1,4,5,8,22,0,0,2,12,24,0,12,12,2,20,0,A
2022-08-14,Nottingham,West Ham,1,0,H,6,5,0,0,0,0,2,0,0,4,8,9,13,0,0,0,0,0,0,0,0,0,0,0,A
2022-08-14,Chelsea,Tottenham,2,2,D,3,5,0,0,11,9,4,31,0,13,14,2,38,0,15,11,0,36,0,0,0,11,12,0,D
2022-08-15,Liverpool,Crystal Palace,1,1,D,4,3,1,0,11,10,6,26,0,7,5,6,21,0,15,14,2,39,0,0,2,14,18,0,H
2022-08-20,Tottenham,Wolves,1,0,H,4,3,0,0,13,15,3,40,0,2,4,11,19,0,9,4,4,39,0,6,4,4,29,0,H
2022-08-20,Crystal Palace,Aston Villa,3,1,H,9,5,0,0,5,5,7,17,0,5,6,8,21,0,5,7,8,22,0,8,8,7,19,0,H
2022-08-20,Everton,Nottingham,1,1,D,8,5,0,0,3,7,13,21,2,3,1,2,6,0,0,0,0,0,0,0,0,0,0,0,H
2022-08-20,Fulham,Brentford,3,2,H,9,5,0,0,3,4,8,14,0,10,13,6,27,1,0,0,0,0,0,0,0,0,0,0,A
2022-08-20,Leicester,Southampton,1,2,A,1,3,0,0,8,14,9,21,0,1,5,15,14,0,9,13,7,33,0,3,7,13,21,1,H
2022-08-20,Bournemouth,Arsenal,0,3,A,1,6,0,0,9,8,8,15,1,9,11,8,24,1,4,4,8,17,0,10,8,4,19,0,H
2022-08-21,Leeds,Chelsea,3,0,H,6,3,0,1,8,7,8,20,1,11,9,4,28,0,1,4,12,14,2,13,12,4,28,0,A
2022-08-21,West Ham,Brighton,0,2,A,3,2,0,0,4,7,8,15,0,11,10,3,30,0,3,5,9,19,0,9,9,5,22,0,A
2022-08-21,Newcastle,Man City,3,3,D,6,10,0,0,10,6,6,24,0,13,16,5,27,0,0,3,22,13,0,15,22,3,38,0,A
2022-08-22,Man United,Liverpool,2,1,H,4,5,0,0,3,4,11,23,0,11,10,6,27,1,0,2,22,13,2,15,22,2,34,0,A
2022-08-27,Southampton,Man United,0,1,A,5,6,0,0,4,7,13,13,0,3,3,12,22,0,4,4,13,15,2,7,13,4,38,0,H
2022-08-27,Brentford,Everton,1,1,D,5,7,0,0,7,12,9,27,1,4,6,11,24,0,12,8,4,22,0,0,4,8,20,4,H
2022-08-27,Brighton,Leeds,1,0,H,4,2,0,0,11,8,3,26,0,11,10,5,26,0,7,4,2,25,0,4,2,4,20,0,H
2022-08-27,Chelsea,Leicester,2,1,H,3,5,1,0,8,6,7,27,1,5,10,10,15,0,11,10,3,34,0,2,3,10,11,0,H
2022-08-27,Liverpool,Bournemouth,9,0,H,12,2,0,0,8,9,7,26,1,6,5,10,13,1,13,16,2,35,0,1,2,16,7,0,H
2022-08-27,Man City,Crystal Palace,4,2,H,5,2,0,0,11,14,7,32,0,7,7,7,22,0,5,2,4,17,2,8,4,2,12,0,H
2022-08-27,Arsenal,Fulham,2,1,H,8,3,0,0,12,14,5,26,0,6,6,7,20,0,13,14,3,33,0,1,3,14,16,0,H
2022-08-28,Aston Villa,West Ham,0,1,A,3,2,0,0,4,6,10,22,0,1,3,10,13,0,0,5,15,22,2,15,15,5,36,0,A
2022-08-28,Wolves,Newcastle,1,1,D,4,6,0,0,2,3,7,19,0,11,9,4,27,0,7,5,5,14,0,7,5,5,19,0,H
2022-08-28,Nottingham,Tottenham,0,2,A,1,7,0,0,4,2,3,11,0,13,13,3,38,0,0,0,0,0,0,0,0,0,0,0,A
2022-08-30,Crystal Palace,Brentford,1,1,D,4,3,0,0,7,7,8,19,0,5,10,8,25,1,4,0,0,10,0,4,0,0,10,0,H
2022-08-30,Fulham,Brighton,2,1,H,3,4,0,0,5,6,8,18,0,13,8,2,24,0,3,2,2,12,0,3,2,2,14,0,H
2022-08-30,Southampton,Chelsea,2,1,H,7,4,0,0,4,6,12,16,0,10,7,7,23,2,1,3,19,7,2,13,19,3,49,0,A
2022-08-30,Leeds,Everton,1,1,D,5,2,0,0,10,9,5,23,0,2,4,10,25,0,2,5,12,15,0,11,12,5,42,0,H
2022-08-31,Arsenal,Aston Villa,2,1,H,9,3,0,0,15,16,4,32,0,3,5,10,16,0,12,8,3,27,0,3,3,8,18,0,H
2022-08-31,Bournemouth,Wolves,0,0,D,2,4,0,0,3,3,18,9,0,2,3,7,19,0,0,1,2,2,1,3,2,1,7,0,H
2022-08-31,Man City,Nottingham,6,0,H,9,1,0,0,13,16,7,29,0,4,2,5,12,0,0,0,0,0,0,0,0,0,0,0,H
2022-08-31,West Ham,Tottenham,1,1,D,4,4,0,0,3,2,8,13,0,13,14,3,37,0,9,6,7,14,0,6,7,6,20,0,A
2022-08-31,Liverpool,Newcastle,2,1,H,6,2,0,0,8,16,6,33,1,9,8,5,29,0,13,9,3,45,0,1,3,9,12,0,D
2022-09-01,Leicester,Man United,0,1,A,2,2,0,0,4,10,11,19,0,6,4,8,23,0,11,12,7,31,0,2,7,12,23,0,H
2022-09-03,Everton,Liverpool,0,0,D,3,8,0,0,3,4,6,25,0,8,15,6,31,1,3,4,12,12,0,12,12,4,28,0,A
2022-09-03,Brentford,Leeds,5,2,H,8,6,0,0,6,10,7,23,0,8,8,5,22,0,2,6,8,16,2,8,8,6,24,0,H
2022-09-03,Chelsea,West Ham,2,1,H,3,3,0,0,7,6,8,19,2,4,2,6,15,0,9,7,6,30,0,6,6,7,16,3,H
2022-09-03,Newcastle,Crystal Palace,0,0,D,6,9,0,0,6,7,6,25,0,5,7,9,20,0,8,5,4,17,0,5,4,5,13,0,H
2022-09-03,Nottingham,Bournemouth,2,3,A,3,3,0,0,4,2,11,13,0,4,2,16,9,0,0,0,0,0,0,0,0,0,0,0,H
2022-09-03,Tottenham,Fulham,2,1,H,10,3,0,0,11,10,4,28,0,8,8,7,21,0,13,10,4,29,0,1,4,10,20,0,H
2022-09-03,Wolves,Southampton,1,0,H,2,1,0,0,3,2,4,18,0,7,7,9,21,0,15,10,3,20,0,0,3,10,35,0,A
2022-09-03,Aston Villa,Man City,1,1,D,1,4,0,0,3,4,9,17,0,13,19,5,33,0,0,7,12,13,1,15,12,7,27,1,A
2022-09-04,Brighton,Leicester,5,2,H,11,4,0,0,10,6,3,21,0,1,6,11,15,0,8,7,6,22,0,5,6,7,20,0,H
2022-09-04,Man United,Arsenal,3,1,H,6,3,0,0,9,5,7,21,0,15,13,4,32,0,7,8,10,33,0,7,10,8,33,0,A
2022-09-16,Aston Villa,Southampton,1,0,H,3,1,0,0,4,5,8,16,0,7,6,6,20,0,9,9,2,28,0,6,2,9,13,0,H
2022-09-16,Nottingham,Fulham,2,3,A,3,7,0,0,4,4,12,16,0,7,7,7,21,0,0,0,0,0,0,0,0,0,0,0,H
2022-09-17,Wolves,Man City,0,3,A,1,7,1,0,6,2,2,14,0,11,18,6,35,0,0,3,16,9,2,15,16,3,40,0,A
2022-09-17,Newcastle,Bournemouth,1,1,D,7,3,0,0,4,5,6,21,0,4,3,18,9,0,7,7,8,26,0,7,8,7,23,0,H
2022-09-17,Tottenham,Leicester,6,2,H,11,7,0,0,11,8,4,30,0,0,6,14,14,0,15,16,8,38,0,0,8,16,18,0,H
2022-09-18,Brentford,Arsenal,0,3,A,2,7,0,0,8,13,7,28,0,12,12,7,33,0,6,6,4,10,0,6,4,6,24,0,H
2022-09-18,Everton,West Ham,1,0,H,2,4,0,0,4,4,5,24,0,4,3,6,17,0,3,3,6,11,2,12,6,3,18,0,H
2022-10-01,Arsenal,Tottenham,3,1,H,9,3,0,1,12,11,5,33,0,13,12,4,36,0,9,8,9,25,2,6,9,8,23,1,H
2022-10-01,Bournemouth,Brentford,0,0,D,1,4,0,0,5,4,15,11,0,5,9,10,23,0,0,0,0,0,0,0,0,0,0,0,H
2022-10-01,Crystal Palace,Chelsea,1,2,A,3,3,0,0,6,7,7,27,0,7,7,9,16,2,0,1,12,3,0,15,12,1,28,0,D
2022-10-01,Fulham,Newcastle,1,4,A,1,10,1,0,9,10,9,25,0,4,6,7,27,0,4,2,5,12,1,10,5,2,31,0,H
2022-10-01,Liverpool,Brighton,3,3,D,7,6,0,0,8,13,4,35,1,10,9,4,28,0,8,8,5,25,0,5,5,8,22,0,H
2022-10-01,Southampton,Everton,1,2,A,6,5,0,0,6,4,5,17,0,7,4,3,22,0,6,6,7,29,0,9,7,6,13,0,D
2022-10-01,West Ham,Wolves,2,0,H,5,4,0,0,4,3,6,16,0,5,2,5,14,1,9,5,4,20,0,6,4,5,17,0,H
2022-10-02,Man City,Man United,6,3,H,10,8,0,0,11,17,6,35,0,12,7,6,22,0,12,12,4,36,0,3,4,12,12,0,H
2022-10-02,Leeds,Aston Villa,0,0,D,1,7,1,0,5,8,9,24,0,4,4,7,15,0,2,6,13,21,0,11,13,6,30,2,A
2022-10-03,Leicester,Nottingham,4,0,H,7,3,0,0,0,6,16,19,0,1,5,15,13,0,0,0,0,0,0,0,0,0,0,0,H
2022-10-08,Bournemouth,Leicester,2,1,H,4,5,0,0,6,4,12,11,0,3,9,14,25,0,6,7,7,18,0,6,7,7,23,1,H
2022-10-08,Chelsea,Wolves,3,0,H,7,2,0,0,9,7,8,16,2,5,2,6,15,1,5,4,4,19,0,5,4,4,10,0,H
2022-10-08,Man City,Southampton,4,0,H,8,0,0,0,13,20,6,35,0,3,3,6,20,0,7,7,4,22,0,4,4,7,16,0,H
2022-10-08,Newcastle,Brentford,5,1,H,6,3,0,0,6,7,5,31,0,6,7,7,22,0,8,10,6,40,0,2,6,10,10,2,H
2022-10-08,Brighton,Tottenham,0,1,A,4,3,0,0,10,12,7,27,0,10,12,7,35,1,9,3,4,15,0,6,4,3,18,0,A
2022-10-09,Crystal Palace,Leeds,2,1,H,5,4,0,0,5,7,8,27,0,5,6,7,20,1,2,0,4,19,0,11,4,0,17,0,H
2022-10-09,West Ham,Fulham,3,1,H,8,2,0,0,7,5,4,18,0,6,8,11,17,1,7,6,5,27,2,7,5,6,22,0,H
2022-10-09,Arsenal,Liverpool,3,2,H,7,3,0,0,12,11,6,36,0,8,15,6,38,0,0,0,15,12,0,15,15,0,31,0,H
2022-10-09,Everton,Man United,1,2,A,2,4,0,0,9,5,3,19,0,12,10,8,26,0,9,7,5,13,0,3,5,7,25,0,H
2022-10-10,Nottingham,Aston Villa,1,1,D,3,2,0,0,0,4,18,11,0,5,3,4,17,0,0,0,0,0,0,0,0,0,0,0,A
2022-10-14,Brentford,Brighton,2,0,H,3,7,0,0,5,7,11,20,0,7,10,8,29,0,0,0,6,14,0,12,6,0,14,0,D
2022-10-15,Leicester,Crystal Palace,0,0,D,5,1,0,0,3,9,14,25,0,5,6,8,23,0,11,10,7,21,0,2,7,10,16,0,H
2022-10-15,Fulham,Bournemouth,2,2,D,4,6,0,0,6,8,12,16,1,9,6,4,13,0,0,0,3,1,1,3,3,0,5,0,H
2022-10-15,Wolves,Nottingham,1,0,H,2,2,0,0,4,1,8,13,1,1,5,17,13,0,0,0,0,0,0,0,0,0,0,0,H
2022-10-15,Tottenham,Everton,2,0,H,7,0,0,0,10,11,7,31,1,8,5,4,14,0,9,12,2,17,0,3,2,12,11,2,H
2022-10-16,Aston Villa,Chelsea,0,2,A,7,4,0,0,6,4,4,16,0,12,10,5,20,1,3,4,13,17,0,12,13,4,23,1,A
2022-10-16,Leeds,Arsenal,0,1,A,4,4,0,0,2,4,9,18,1,12,12,7,35,0,0,6,16,13,2,15,16,6,47,0,A
2022-10-16,Man United,Newcastle,0,0,D,2,2,0,0,12,10,8,26,0,8,11,5,31,0,11,13,5,29,0,2,5,13,28,0,D
2022-10-16,Southampton,West Ham,1,1,D,8,4,0,0,3,3,9,15,0,7,7,5,24,0,8,6,7,23,0,5,7,6,23,2,A
2022-10-16,Liverpool,Man City,1,0,H,2,6,0,0,8,16,7,36,0,13,20,4,38,0,4,9,12,19,0,7,12,9,21,0,A
2022-10-18,Brighton,Nottingham,0,0,D,7,0,0,0,4,9,10,32,0,1,5,12,14,0,0,0,0,0,0,0,0,0,0,0,H
2022-10-18,Crystal Palace,Wolves,2,1,H,4,4,0,0,6,4,4,22,0,6,2,8,11,1,15,9,0,30,0,0,0,9,18,0,H
2022-10-19,Bournemouth,Southampton,0,1,A,3,3,0,0,9,8,6,17,0,1,2,9,16,0,6,5,4,20,0,6,4,5,24,0,H
2022-10-19,Brentford,Chelsea,0,0,D,5,5,0,0,7,8,10,20,0,12,10,4,21,0,6,8,4,26,0,6,4,8,18,0,A
2022-10-19,Liverpool,West Ham,1,0,H,7,3,0,0,8,8,7,26,0,7,7,5,24,0,9,9,7,25,0,6,7,9,18,0,H
2022-10-19,Newcastle,Everton,1,0,H,4,0,0,0,9,10,3,31,0,7,4,5,12,0,9,8,4,33,0,6,4,8,15,2,H
2022-10-19,Man United,Tottenham,2,0,H,10,2,0,0,10,9,8,22,0,12,12,6,34,1,15,15,5,27,0,0,5,15,9,0,A
2022-10-20,Fulham,Aston Villa,3,0,H,8,6,0,1,4,8,13,17,1,6,3,4,20,0,7,6,8,31,0,7,8,6,24,0,H
2022-10-20,Leicester,Leeds,2,0,H,1,2,0,0,4,9,13,28,0,2,4,9,20,1,8,5,5,22,0,5,5,5,25,0,H
2022-10-22,Nottingham,Liverpool,1,0,H,7,7,0,0,2,3,9,11,0,8,7,6,27,0,0,0,0,0,0,0,0,0,0,0,H
2022-10-22,Everton,Crystal Palace,3,0,H,6,2,0,0,6,4,6,9,0,8,5,4,22,0,7,9,11,31,0,7,11,9,28,0,A
2022-10-22,Man City,Brighton,3,1,H,4,2,0,0,10,14,5,35,0,5,8,8,35,0,12,16,5,42,1,3,5,16,18,0,H
2022-10-22,Chelsea,Man United,1,1,D,2,6,0,0,13,9,2,22,0,10,10,8,30,0,5,4,4,30,0,5,4,4,14,0,H
2022-10-23,Aston Villa,Brentford,4,0,H,11,3,0,0,5,2,6,25,1,5,3,8,17,0,2,4,6,20,0,8,6,4,12,0,H
2022-10-23,Leeds,Fulham,2,3,A,5,5,0,0,1,3,10,17,1,7,10,11,22,1,12,11,8,35,0,3,8,11,31,0,D
2022-10-23,Southampton,Arsenal,1,1,D,3,3,0,0,4,3,8,18,0,12,11,6,30,0,6,3,9,23,0,9,9,3,27,0,A
2022-10-23,Wolves,Leicester,0,4,A,5,4,0,0,3,2,10,13,1,7,9,8,25,0,7,4,4,13,0,7,4,4,27,0,H
2022-10-23,Tottenham,Newcastle,1,2,A,5,5,0,0,9,10,7,26,1,11,11,3,29,0,13,18,8,25,0,1,8,18,10,2,H
2022-10-24,West Ham,Bournemouth,2,0,H,4,3,0,0,7,6,4,24,0,6,5,5,17,0,6,11,8,27,0,6,8,11,25,0,D
2022-10-29,Leicester,Man City,0,1,A,5,5,0,0,10,11,2,22,0,12,16,5,35,0,0,6,16,20,0,15,16,6,38,0,A
2022-10-29,Bournemouth,Tottenham,2,3,A,4,7,0,0,5,4,6,17,0,6,5,7,20,1,1,3,12,12,0,13,12,3,37,0,A
2022-10-29,Brentford,Wolves,1,1,D,3,4,0,1,5,3,9,18,0,3,2,11,17,0,6,6,4,8,2,6,4,6,4,0,H
2022-10-29,Brighton,Chelsea,4,1,H,9,7,0,0,2,4,9,26,0,11,8,2,21,0,5,4,4,18,1,5,4,4,20,0,A
2022-10-29,Crystal Palace,Southampton,1,0,H,3,4,0,0,7,5,7,15,0,5,4,8,20,0,8,9,9,26,0,5,9,9,20,0,A
2022-10-29,Newcastle,Aston Villa,4,0,H,7,0,0,0,13,12,3,27,0,5,5,6,33,1,7,3,5,9,0,7,5,3,12,0,H
2022-10-29,Fulham,Everton,0,0,D,6,4,0,0,7,10,11,20,1,6,6,6,13,0,3,6,13,20,0,12,13,6,29,0,A
2022-10-29,Liverpool,Leeds,1,2,A,10,6,0,0,7,7,7,26,0,1,3,8,16,1,13,19,1,55,0,1,1,19,17,2,H
2022-10-30,Arsenal,Nottingham,5,0,H,10,2,0,0,13,11,4,30,0,5,2,6,15,0,0,0,0,0,0,0,0,0,0,0,H
2022-10-30,Man United,West Ham,1,0,H,3,5,0,0,8,8,8,30,0,10,8,3,24,0,15,7,2,30,0,0,2,7,10,0,H
2022-11-05,Leeds,Bournemouth,4,3,H,4,6,0,0,3,5,9,21,0,4,6,9,20,0,0,0,0,0,0,0,0,0,0,0,H
2022-11-05,Man City,Fulham,2,1,H,5,2,1,0,12,14,5,33,0,8,9,7,25,0,15,17,2,44,0,0,2,17,9,1,H
2022-11-05,Nottingham,Brentford,2,2,D,7,2,0,0,5,2,7,14,0,5,4,10,17,0,0,0,0,0,0,0,0,0,0,0,H
2022-11-05,Wolves,Brighton,2,3,A,5,8,1,0,4,3,10,17,1,4,5,7,29,0,9,4,7,18,0,6,7,4,25,2,A
2022-11-05,Everton,Leicester,0,2,A,2,8,0,0,4,4,5,12,0,7,7,3,20,0,9,7,5,16,0,3,5,7,30,0,A
2022-11-06,Chelsea,Arsenal,0,1,A,1,2,0,0,8,7,5,25,0,13,13,4,33,0,6,8,9,19,0,9,9,8,16,0,A
2022-11-06,Aston Villa,Man United,3,1,H,4,3,0,0,4,5,10,26,1,11,6,2,25,0,8,7,7,29,1,5,7,7,27,0,D
2022-11-06,Southampton,Newcastle,1,4,A,5,4,0,0,5,3,7,18,0,13,12,2,24,0,2,8,11,27,0,11,11,8,22,1,A
2022-11-06,West Ham,Crystal Palace,1,2,A,2,6,0,0,7,6,4,24,0,10,5,5,15,0,11,13,10,25,0,2,10,13,19,0,H
2022-11-06,Tottenham,Liverpool,1,2,A,5,6,0,0,9,7,6,24,0,6,5,6,29,0,4,7,9,18,0,7,9,7,25,2,A
2022-11-12,Man City,Brentford,1,2,A,6,8,0,0,12,10,3,28,1,6,5,7,16,0,12,6,0,20,0,0,0,6,8,0,H
2022-11-12,Bournemouth,Everton,3,0,H,9,3,0,0,1,7,12,22,0,4,3,5,12,0,7,11,12,30,1,7,12,11,23,1,H
2022-11-12,Liverpool,Southampton,3,1,H,7,5,0,0,9,5,4,32,0,5,4,7,23,0,15,14,2,28,0,0,2,14,16,0,H
2022-11-12,Nottingham,Crystal Palace,1,0,H,2,0,0,0,5,3,8,18,0,10,5,5,16,0,0,0,0,0,0,0,0,0,0,0,A
2022-11-12,Tottenham,Leeds,4,3,H,8,5,0,1,6,7,8,26,0,6,8,10,21,0,12,13,5,33,0,3,5,13,27,0,H
2022-11-12,West Ham,Leicester,0,2,A,6,6,0,0,4,4,5,18,0,10,8,1,23,0,11,15,8,24,0,2,8,15,11,2,H
2022-11-12,Newcastle,Chelsea,1,0,H,3,2,0,0,13,11,2,22,0,5,4,6,19,0,0,0,10,10,0,15,10,0,23,0,H
2022-11-12,Wolves,Arsenal,0,2,A,2,4,0,0,4,5,10,20,2,13,11,3,26,0,3,4,7,19,0,12,7,4,17,4,A
2022-11-13,Brighton,Aston Villa,1,2,A,2,2,0,0,7,8,8,33,0,6,7,10,28,1,1,0,8,15,0,13,8,0,19,0,H
2022-11-13,Fulham,Man United,1,2,A,7,9,0,0,8,9,6,25,0,8,5,4,24,0,2,6,12,23,1,11,12,6,35,0,A
2022-12-26,Brentford,Tottenham,2,2,D,5,8,0,0,6,5,8,21,0,6,9,11,27,0,2,0,4,8,0,8,4,0,12,0,A
2022-12-26,Crystal Palace,Fulham,0,3,A,0,11,2,0,9,5,6,15,0,7,8,6,28,0,8,7,7,29,0,5,7,7,24,1,A
2022-12-26,Everton,Wolves,1,2,A,6,4,0,0,4,3,6,15,0,1,4,12,20,2,3,3,6,18,2,12,6,3,17,0,H
2022-12-26,Leicester,Newcastle,0,3,A,2,5,0,0,12,10,1,24,0,15,12,2,23,0,6,12,8,23,0,9,8,12,26,0,D
2022-12-26,Southampton,Brighton,1,3,A,4,4,0,0,4,4,9,20,0,7,9,8,28,0,4,7,8,22,0,7,8,7,24,0,A
2022-12-26,Aston Villa,Liverpool,1,3,A,6,9,0,0,9,9,9,23,1,9,7,5,37,0,0,3,8,13,0,15,8,3,32,0,A
2022-12-26,Arsenal,West Ham,3,1,H,5,4,0,0,13,10,1,23,0,3,3,6,20,0,13,11,5,37,0,1,5,11,13,2,H
2022-12-27,Chelsea,Bournemouth,2,0,H,5,4,0,0,2,2,7,17,0,3,8,10,25,0,9,6,5,26,0,6,5,6,10,0,H
2022-12-27,Man United,Nottingham,3,0,H,8,3,0,0,10,7,5,31,0,8,4,7,18,0,0,0,0,0,0,0,0,0,0,0,H
2022-12-28,Leeds,Man City,1,3,A,1,9,0,0,6,11,13,22,1,9,7,5,26,1,3,2,23,12,1,12,23,2,49,0,A
2022-12-30,West Ham,Brentford,0,2,A,5,6,0,0,3,4,8,21,0,6,7,10,21,0,0,2,8,12,0,12,8,2,26,0,A
2022-12-30,Liverpool,Leicester,2,1,H,5,2,0,0,9,9,6,39,0,9,8,4,25,0,6,5,5,34,0,9,5,5,10,0,H
2022-12-31,Wolves,Man United,0,1,A,3,6,0,0,4,5,11,20,2,10,8,5,29,0,6,3,4,28,0,9,4,3,14,0,H
2022-12-31,Bournemouth,Crystal Palace,0,2,A,2,6,0,0,3,8,11,26,0,6,3,8,11,2,5,6,8,20,0,8,8,6,22,1,H
2022-12-31,Fulham,Southampton,2,1,H,2,3,0,0,7,8,6,31,0,1,4,12,21,0,4,4,10,13,0,10,10,4,28,0,D
2022-12-31,Man City,Everton,1,1,D,3,1,0,0,12,10,5,29,1,4,4,7,21,0,15,13,0,41,0,0,0,13,9,0,H
2022-12-31,Newcastle,Leeds,0,0,D,5,1,0,0,15,14,2,24,0,6,12,14,21,1,8,5,4,25,0,5,4,5,28,0,H
2022-12-31,Brighton,Arsenal,2,4,A,5,7,0,0,9,12,9,25,0,13,12,2,24,0,8,4,4,11,0,5,4,4,17,0,H
2023-01-01,Tottenham,Aston Villa,0,2,A,2,4,0,0,7,11,11,33,0,9,10,9,23,0,12,13,4,30,0,3,4,13,26,0,H
2023-01-01,Nottingham,Chelsea,1,1,D,5,2,0,0,7,4,10,21,0,4,4,7,17,0,0,0,0,0,0,0,0,0,0,0,H
2023-01-02,Brentford,Liverpool,3,1,H,7,6,0,0,9,9,6,24,0,12,11,6,37,0,2,6,12,10,0,8,12,6,38,0,A
2023-01-03,Arsenal,Newcastle,0,0,D,4,1,0,0,15,15,3,28,0,13,12,1,24,0,9,6,4,21,0,6,4,6,19,1,H
2023-01-03,Everton,Brighton,1,4,A,4,8,0,0,2,2,8,16,0,9,13,10,28,0,7,8,6,23,0,7,6,8,19,0,A
2023-01-03,Leicester,Fulham,0,1,A,6,2,0,0,6,5,6,23,0,7,7,5,28,0,4,4,7,24,0,10,7,4,25,0,A
2023-01-03,Man United,Bournemouth,3,0,H,6,4,0,0,12,8,4,29,0,3,8,11,25,0,10,6,3,25,0,4,3,6,23,1,H
2023-01-04,Southampton,Nottingham,0,1,A,0,1,0,0,0,4,13,21,0,5,4,11,19,0,0,0,0,0,0,0,0,0,0,0,H
2023-01-04,Leeds,West Ham,2,2,D,6,2,0,0,7,10,11,17,1,0,2,10,22,0,6,8,10,22,0,9,10,8,29,0,H
2023-01-04,Aston Villa,Wolves,1,1,D,4,3,0,0,9,8,9,16,0,4,5,8,18,2,1,6,10,21,0,13,10,6,20,0,H
2023-01-04,Crystal Palace,Tottenham,0,4,A,4,6,0,0,9,5,5,15,2,7,10,11,30,0,6,7,10,9,2,9,10,7,19,2,A
2023-01-05,Chelsea,Man City,0,1,A,2,3,0,0,4,4,7,17,0,10,8,5,28,1,3,2,5,7,0,12,5,2,24,0,D
2023-01-12,Fulham,Chelsea,2,1,H,3,10,0,1,9,8,5,24,0,4,3,4,12,0,0,1,10,14,1,15,10,1,38,0,A
2023-01-13,Aston Villa,Leeds,2,1,H,5,4,0,0,10,9,6,20,0,5,10,12,17,1,9,12,6,33,2,3,6,12,19,1,D
2023-01-14,Man United,Man City,2,1,H,4,1,0,0,12,10,4,32,0,10,8,5,26,1,0,5,18,14,0,15,18,5,40,0,A
2023-01-14,Brighton,Liverpool,3,0,H,9,2,0,0,9,13,10,27,0,12,11,7,33,0,3,7,11,24,0,9,11,7,31,0,A
2023-01-14,Everton,Southampton,1,2,A,4,5,0,0,1,3,12,16,0,0,4,13,17,0,9,8,7,17,0,6,7,8,34,0,H
2023-01-14,Nottingham,Leicester,2,0,H,5,1,0,0,8,5,6,18,0,6,5,6,24,0,0,0,4,3,0,3,4,0,7,0,A
2023-01-14,Wolves,West Ham,1,0,H,4,4,0,0,4,5,8,17,1,1,4,11,19,0,6,2,4,16,0,9,4,2,19,0,H
2023-01-14,Brentford,Bournemouth,2,0,H,4,2,0,0,11,11,6,28,0,3,6,11,25,0,1,0,0,4,0,1,0,0,1,0,H
2023-01-15,Chelsea,Crystal Palace,1,0,H,5,5,0,0,4,4,5,21,1,6,4,9,16,2,15,10,1,21,0,0,1,10,5,0,H
2023-01-15,Newcastle,Fulham,1,0,H,5,0,0,0,11,8,1,18,0,12,9,4,25,0,10,8,3,31,0,4,3,8,10,2,H
2023-01-15,Tottenham,Arsenal,0,2,A,7,5,0,0,7,11,9,29,0,13,10,3,22,0,6,9,9,23,1,9,9,9,31,2,A
2023-01-18,Crystal Palace,Man United,1,1,D,5,4,0,0,3,2,9,15,2,15,11,2,33,0,7,2,2,12,0,7,2,2,15,0,A
2023-01-19,Man City,Tottenham,4,2,H,6,3,0,0,7,7,6,22,0,7,10,9,31,0,3,7,8,22,0,12,8,7,19,0,A
2023-01-21,Liverpool,Chelsea,0,0,D,3,2,0,0,9,9,9,29,0,7,5,4,24,1,4,6,7,27,0,7,7,6,23,2,H
2023-01-21,Bournemouth,Nottingham,1,1,D,4,5,0,0,3,3,9,21,0,10,5,4,16,0,3,3,2,3,0,0,2,3,3,0,H
2023-01-21,Leicester,Brighton,2,2,D,2,4,0,0,3,3,8,17,0,9,13,8,28,0,2,6,11,20,0,11,11,6,31,0,A
2023-01-21,Southampton,Aston Villa,0,1,A,5,5,0,0,3,5,10,17,0,10,8,6,21,0,6,2,9,9,0,9,9,2,27,0,D
2023-01-21,West Ham,Everton,2,0,H,4,2,0,0,1,3,10,21,0,1,4,12,18,0,12,6,3,22,0,3,3,6,10,2,H
2023-01-21,Crystal Palace,Newcastle,0,0,D,1,7,0,0,4,3,9,20,2,11,5,0,19,0,3,2,4,19,0,9,4,2,18,0,D
2023-01-22,Leeds,Brentford,0,0,D,5,0,0,0,2,7,11,17,1,13,11,4,30,0,8,10,11,30,0,5,11,10,24,2,A
2023-01-22,Man City,Wolves,3,0,H,7,1,0,0,10,10,6,22,0,7,4,5,16,0,15,15,2,37,0,0,2,15,9,3,H
2023-01-22,Arsenal,Man United,3,2,H,5,4,0,0,13,11,3,25,0,13,10,2,28,0,6,11,11,33,0,9,11,11,36,0,A
2023-01-23,Fulham,Tottenham,0,1,A,5,3,0,0,12,8,3,18,0,4,8,10,26,0,1,4,10,17,0,13,10,4,34,0,H
2023-02-03,Chelsea,Fulham,0,0,D,3,4,0,0,5,3,4,21,1,9,5,4,12,0,12,9,3,38,1,3,3,9,16,1,H
2023-02-04,Everton,Arsenal,1,0,H,4,3,0,0,1,4,11,17,0,13,12,5,26,0,9,7,12,15,0,6,12,7,27,0,A
2023-02-04,Aston Villa,Leicester,2,4,A,4,5,0,0,10,7,5,24,0,1,3,10,13,0,8,5,4,16,0,5,4,5,21,0,H
2023-02-04,Brentford,Southampton,3,0,H,4,6,0,0,11,9,3,22,0,3,4,8,17,0,6,8,8,18,0,6,8,8,20,0,D
2023-02-04,Brighton,Bournemouth,1,0,H,6,2,0,0,10,14,8,30,0,1,1,10,16,0,4,6,7,22,0,7,7,6,16,0,H
2023-02-04,Man United,Crystal Palace,2,1,H,5,3,1,0,10,9,5,24,0,5,3,6,21,0,7,3,3,18,0,7,3,3,15,0,H
2023-02-04,Wolves,Liverpool,3,0,H,6,4,0,0,7,4,6,15,0,7,6,8,25,0,0,2,9,17,0,15,9,2,30,0,H
2023-02-04,Newcastle,West Ham,1,1,D,2,1,0,0,9,4,0,23,0,4,5,8,19,0,5,9,12,20,0,8,12,9,30,1,H
2023-02-05,Nottingham,Leeds,1,0,H,2,4,0,0,8,5,5,19,0,3,4,7,17,0,0,0,0,0,0,0,0,0,0,0,D
2023-02-05,Tottenham,Man City,1,0,H,3,5,1,0,6,7,8,21,0,10,10,5,20,0,12,10,8,19,0,3,8,10,22,0,H
2023-02-08,Man United,Leeds,2,2,D,7,2,0,0,10,10,6,23,1,3,3,5,20,0,13,18,6,38,0,1,6,18,21,0,H
2023-02-11,West Ham,Chelsea,1,1,D,2,4,0,0,5,5,6,16,0,5,2,3,22,1,6,7,8,17,2,9,8,7,27,0,A
2023-02-11,Arsenal,Brentford,1,1,D,7,2,0,0,10,9,5,24,0,13,10,1,21,0,9,7,6,31,0,6,6,7,12,0,H
2023-02-11,Crystal Palace,Brighton,1,1,D,1,7,0,0,2,2,8,18,0,10,12,7,32,0,7,6,5,10,0,4,5,6,21,0,A
2023-02-11,Fulham,Nottingham,2,0,H,3,1,0,0,7,3,3,14,0,11,6,2,18,0,3,3,2,7,0,0,2,3,3,0,H
2023-02-11,Leicester,Tottenham,4,1,H,7,4,0,0,4,7,9,16,0,9,8,6,22,1,0,8,18,19,0,15,18,8,45,0,A
2023-02-11,Southampton,Wolves,1,2,A,2,2,0,1,3,3,8,19,0,7,5,5,17,0,0,2,9,33,0,15,9,2,18,0,D
2023-02-11,Bournemouth,Newcastle,1,1,D,5,7,0,0,1,1,9,14,0,7,2,1,20,0,5,6,7,21,0,8,7,6,30,0,H
2023-02-12,Leeds,Man United,0,2,A,6,5,0,0,3,5,7,21,0,8,9,8,24,1,1,8,20,20,0,13,20,8,41,0,A
2023-02-12,Man City,Aston Villa,3,1,H,9,2,0,0,9,9,5,22,0,10,8,6,22,0,13,11,7,28,0,1,7,11,11,0,H
2023-02-13,Liverpool,Everton,2,0,H,6,1,0,0,4,3,10,20,0,4,4,9,15,0,13,12,2,30,0,1,2,12,9,0,H
2023-02-15,Arsenal,Man City,1,3,A,1,6,0,0,8,6,4,24,0,9,11,6,28,0,0,2,15,5,4,15,15,2,27,0,A
2023-02-18,Aston Villa,Arsenal,2,4,A,5,5,0,0,7,7,9,20,0,7,7,7,21,0,0,3,10,13,0,15,10,3,33,0,A
2023-02-18,Brentford,Crystal Palace,1,1,D,5,4,0,0,11,9,2,17,0,3,3,5,15,0,5,1,1,13,0,5,1,1,14,0,H
2023-02-18,Brighton,Fulham,0,1,A,7,2,0,0,11,11,4,34,0,7,4,3,15,0,3,3,4,18,0,6,4,3,15,0,H
2023-02-18,Chelsea,Southampton,0,1,A,5,5,0,0,6,3,3,24,1,3,3,8,18,0,12,19,4,50,0,3,4,19,13,2,H
2023-02-18,Everton,Leeds,1,0,H,6,0,0,0,3,3,10,15,0,2,3,7,21,0,9,11,5,38,0,3,5,11,13,0,D
2023-02-18,Nottingham,Man City,1,1,D,1,6,0,0,10,5,3,14,0,12,13,5,33,0,0,0,6,1,0,3,6,0,9,0,A
2023-02-18,Wolves,Bournemouth,0,1,A,4,1,0,0,10,7,5,16,1,2,2,8,17,0,4,2,1,11,0,1,1,2,4,1,H
2023-02-18,Newcastle,Liverpool,0,2,A,4,7,1,0,7,3,2,22,0,4,3,9,21,0,0,3,10,10,0,15,10,3,42,0,A
2023-02-19,Man United,Leicester,3,0,H,8,3,0,0,8,9,7,25,1,7,10,8,21,0,5,7,10,24,0,8,10,7,30,0,A
2023-02-19,Tottenham,West Ham,2,0,H,6,1,0,0,6,5,10,20,1,6,6,5,13,0,7,7,5,20,0,7,5,7,14,0,H
2023-02-24,Fulham,Wolves,1,1,D,5,2,0,0,7,3,2,14,0,9,6,5,17,1,4,5,4,31,0,10,4,5,19,0,H
2023-02-25,Everton,Aston Villa,0,2,A,5,5,0,0,6,3,6,17,0,6,8,12,21,0,0,1,10,8,0,15,10,1,16,0,A
2023-02-25,Leeds,Southampton,1,0,H,4,2,0,0,2,2,6,17,0,6,4,7,23,0,3,4,6,11,0,9,6,4,26,0,D
2023-02-25,Leicester,Arsenal,0,1,A,0,2,0,0,7,10,10,18,0,7,9,9,21,0,0,2,12,24,0,15,12,2,33,0,A
2023-02-25,West Ham,Nottingham,4,0,H,5,3,0,0,5,4,5,12,0,8,5,4,14,0,0,0,1,5,0,3,1,0,6,0,A
2023-02-25,Bournemouth,Man City,1,4,A,2,5,0,0,5,3,5,14,0,10,10,4,33,0,0,3,16,13,0,15,16,3,31,1,A
2023-02-25,Crystal Palace,Liverpool,0,0,D,0,4,0,0,4,4,5,14,0,7,4,6,22,0,1,3,13,17,0,13,13,3,38,1,A
2023-02-26,Tottenham,Chelsea,2,0,H,3,2,0,0,9,7,8,19,1,6,2,2,19,0,1,2,12,15,0,13,12,2,37,0,A
2023-03-01,Arsenal,Everton,4,0,H,5,5,0,0,7,7,7,18,0,6,2,6,18,0,6,12,7,27,0,9,7,12,18,0,H
2023-03-01,Liverpool,Wolves,2,0,H,6,1,0,0,8,4,3,24,0,7,6,6,15,1,12,8,5,30,0,3,5,8,18,0,H
2023-03-04,Man City,Newcastle,2,0,H,3,2,0,0,10,11,5,31,0,6,3,4,25,1,13,21,3,42,0,1,3,21,14,0,H
2023-03-04,Arsenal,Bournemouth,3,2,H,9,4,0,0,10,11,6,20,0,5,4,7,14,0,10,8,4,17,0,4,4,8,17,0,H
2023-03-04,Aston Villa,Crystal Palace,1,0,H,1,0,0,1,6,8,11,21,0,4,3,4,9,0,8,7,7,19,0,5,7,7,23,0,H
2023-03-04,Brighton,West Ham,4,0,H,9,2,0,0,8,7,4,33,0,8,8,4,13,0,11,10,4,22,0,2,4,10,19,0,H
2023-03-04,Chelsea,Leeds,1,0,H,3,2,0,0,3,1,4,16,0,4,3,6,16,0,12,12,7,23,1,3,7,12,16,2,H
2023-03-04,Wolves,Tottenham,1,0,H,5,6,0,0,7,6,5,15,1,12,7,4,19,1,6,4,3,29,0,9,3,4,30,0,H
2023-03-04,Southampton,Leicester,1,0,H,5,0,0,0,3,2,7,20,0,7,10,9,17,0,5,8,13,21,0,8,13,8,25,0,H
2023-03-05,Nottingham,Everton,2,2,D,4,3,0,0,5,3,8,12,0,6,2,8,21,0,1,1,1,5,0,1,1,1,8,0,H
2023-03-05,Liverpool,Man United,7,0,H,8,4,0,0,10,6,3,27,0,10,11,6,29,1,12,19,2,31,0,3,2,19,14,2,H
2023-03-06,Brentford,Fulham,3,2,H,6,5,0,0,9,7,2,15,0,8,4,2,19,0,0,2,3,5,0,3,3,2,9,0,A
2023-03-11,Bournemouth,Liverpool,1,0,H,2,6,0,0,4,5,9,14,0,13,13,0,31,0,0,0,23,7,0,15,23,0,39,0,A
2023-03-11,Everton,Brentford,1,0,H,6,4,0,0,4,3,10,20,0,9,8,4,17,0,1,5,9,27,4,13,9,5,27,0,D
2023-03-11,Leeds,Brighton,2,2,D,4,2,0,0,4,3,6,14,0,8,8,4,33,0,4,2,3,20,0,7,3,2,24,0,A
2023-03-11,Leicester,Chelsea,1,3,A,7,6,1,0,6,8,8,15,0,5,2,4,17,0,2,3,10,13,0,11,10,3,31,1,A
2023-03-11,Tottenham,Nottingham,3,1,H,7,5,0,0,9,6,5,22,1,5,4,9,11,0,3,2,0,7,0,0,0,2,1,0,H
2023-03-11,Crystal Palace,Man City,0,1,A,0,4,0,0,3,3,5,8,1,13,13,4,29,0,8,6,4,10,0,5,4,6,19,2,A
2023-03-12,Fulham,Arsenal,0,3,A,2,7,0,0,8,6,4,19,0,12,13,7,22,0,1,3,13,12,0,13,13,3,34,0,A
2023-03-12,Man United,Southampton,0,0,D,4,4,0,0,10,9,10,29,1,6,3,6,20,0,7,5,4,30,0,4,4,5,19,0,H
2023-03-12,West Ham,Aston Villa,1,1,D,6,4,0,0,5,6,8,11,0,6,8,11,17,0,15,13,4,28,0,0,4,13,23,2,H
2023-03-12,Newcastle,Wolves,2,1,H,8,4,0,0,3,2,6,22,1,7,4,5,14,1,7,5,5,18,0,7,5,5,14,0,H
2023-03-15,Brighton,Crystal Palace,1,0,H,5,3,0,0,8,8,4,31,0,3,2,4,5,1,5,5,5,23,0,5,5,5,9,0,H
2023-03-15,Southampton,Brentford,0,2,A,1,5,0,0,7,3,3,18,0,8,8,5,21,0,6,8,11,26,0,9,11,8,22,0,A
2023-03-17,Nottingham,Newcastle,1,2,A,3,4,0,0,2,4,12,14,0,5,4,7,23,1,0,0,2,0,0,3,2,0,10,0,D
2023-03-18,Aston Villa,Bournemouth,3,0,H,9,3,0,0,7,7,8,17,0,7,6,8,14,0,3,4,8,18,0,12,8,4,18,1,A
2023-03-18,Brentford,Leicester,1,1,D,2,1,1,0,8,7,5,22,0,3,5,9,17,1,1,6,10,25,0,13,10,6,25,0,H
2023-03-18,Southampton,Tottenham,3,3,D,7,3,0,0,7,2,3,17,0,9,8,6,26,0,8,9,10,26,2,5,10,9,36,0,A
2023-03-18,Wolves,Leeds,2,4,A,8,4,1,0,4,3,6,16,0,4,3,6,16,0,2,7,10,30,2,11,10,7,24,0,A
2023-03-18,Chelsea,Everton,2,2,D,7,3,0,0,7,5,5,20,0,7,4,8,25,0,5,3,4,36,0,8,4,3,18,0,H
2023-03-19,Arsenal,Crystal Palace,4,1,H,5,4,0,0,15,15,4,28,0,2,1,4,7,1,5,6,10,20,0,8,10,6,24,0,H
2023-04-01,Man City,Liverpool,4,1,H,8,1,0,0,13,11,3,24,0,10,11,1,31,0,4,8,9,22,0,7,9,8,18,0,A
2023-04-01,Arsenal,Leeds,4,1,H,6,5,0,0,15,15,3,28,0,7,7,6,14,0,15,13,4,46,0,0,4,13,12,2,H
2023-04-01,Bournemouth,Fulham,2,1,H,7,2,0,0,6,5,10,12,0,7,6,7,17,0,4,5,2,11,0,1,2,5,5,1,H
2023-04-01,Brighton,Brentford,3,3,D,15,5,0,0,8,8,4,30,0,8,7,5,22,1,12,6,2,21,0,3,2,6,17,0,H
2023-04-01,Crystal Palace,Leicester,2,1,H,9,2,0,0,1,1,7,7,1,1,2,9,11,1,3,6,8,15,0,9,8,6,21,0,H
2023-04-01,Nottingham,Wolves,1,1,D,7,1,0,0,2,5,12,16,0,4,5,9,20,1,0,0,1,2,0,3,1,0,2,0,D
2023-04-01,Chelsea,Aston Villa,0,2,A,8,2,0,0,7,6,6,23,0,10,9,5,24,0,15,14,2,20,0,0,2,14,21,0,H
2023-04-02,West Ham,Southampton,1,0,H,2,3,0,0,5,6,8,16,0,5,4,6,19,0,3,5,7,20,2,9,7,5,26,0,A
2023-04-02,Newcastle,Man United,2,0,H,6,1,0,0,7,5,7,25,1,8,7,9,28,0,3,4,10,24,0,9,10,4,24,0,A
2023-04-03,Everton,Tottenham,1,1,D,6,2,1,1,5,5,10,22,0,10,10,5,25,0,2,0,12,4,2,11,12,0,21,0,A
2023-04-04,Bournemouth,Brighton,0,2,A,3,6,0,0,6,6,11,18,0,8,10,6,38,0,7,7,7,18,0,7,7,7,28,0,A
2023-04-04,Leeds,Nottingham,2,1,H,6,1,0,0,7,8,9,19,0,2,5,12,22,0,0,0,1,4,0,3,1,0,2,0,H
2023-04-04,Leicester,Aston Villa,1,2,A,4,5,1,0,1,3,8,10,1,13,9,1,21,0,5,6,6,19,0,8,6,6,18,0,A
2023-04-04,Chelsea,Liverpool,0,0,D,3,4,0,0,7,6,7,26,0,7,10,5,25,0,5,6,6,20,2,5,6,6,29,0,H
2023-04-05,Man United,Brentford,1,0,H,3,1,0,0,7,5,9,22,0,8,9,7,22,1,12,12,6,24,0,3,6,12,31,0,H
2023-04-05,West Ham,Newcastle,1,5,A,2,8,0,0,7,6,7,16,0,9,6,6,24,1,9,11,7,25,0,3,7,11,14,0,H
2023-04-08,Man United,Everton,2,0,H,11,1,0,0,7,4,9,20,0,6,6,9,23,1,5,4,5,24,0,8,5,4,12,0,D
2023-04-08,Aston Villa,Nottingham,2,0,H,3,2,0,0,13,9,2,21,0,2,6,10,20,0,1,1,1,2,0,1,1,1,3,0,H
2023-04-08,Brentford,Newcastle,1,2,A,6,4,0,0,5,6,6,17,1,12,11,5,28,0,2,7,15,13,2,11,15,7,46,0,A
2023-04-08,Fulham,West Ham,0,1,A,3,5,0,0,4,5,9,16,0,7,7,10,17,0,4,3,8,18,0,10,8,3,31,2,H
2023-04-08,Leicester,Bournemouth,0,1,A,4,7,0,0,1,4,9,14,2,6,5,9,19,0,5,7,8,23,1,8,8,7,18,0,H
2023-04-08,Tottenham,Brighton,2,1,H,3,4,0,0,8,9,6,21,1,11,12,5,37,0,9,5,2,17,0,6,2,5,14,0,H
2023-04-08,Wolves,Chelsea,1,0,H,4,1,0,0,4,5,9,19,1,8,6,5,27,0,4,4,7,12,0,7,7,4,21,0,H
2023-04-08,Southampton,Man City,1,4,A,1,8,0,0,5,4,6,20,0,13,12,3,26,0,4,2,6,10,0,7,6,2,20,0,H
2023-04-09,Leeds,Crystal Palace,1,5,A,7,8,0,0,7,9,10,21,0,3,3,8,16,1,8,3,2,14,0,5,2,3,21,0,H
2023-04-09,Liverpool,Arsenal,2,2,D,6,5,0,0,7,10,5,25,0,15,18,4,32,0,12,14,3,27,0,3,3,14,17,0,A
2023-04-15,Aston Villa,Newcastle,3,0,H,6,2,0,0,13,10,2,23,0,15,13,4,30,0,6,4,6,6,0,9,6,4,13,0,A
2023-04-15,Chelsea,Brighton,1,2,A,2,10,0,0,5,5,6,25,0,8,9,7,32,0,4,5,8,23,0,7,8,5,25,0,A
2023-04-15,Everton,Fulham,1,3,A,7,7,0,0,6,6,7,19,1,1,4,10,17,0,10,9,5,26,0,4,5,9,23,0,H
2023-04-15,Southampton,Crystal Palace,0,2,A,4,2,0,0,2,4,10,16,0,6,8,8,24,0,2,6,9,18,0,11,9,6,25,0,A
2023-04-15,Tottenham,Bournemouth,2,3,A,8,6,0,0,8,9,7,21,1,9,4,6,22,0,15,15,5,40,0,0,5,15,15,0,H
2023-04-15,Wolves,Brentford,2,0,H,9,3,0,0,7,6,7,22,1,5,7,7,19,1,7,5,7,8,1,7,7,5,11,2,H
2023-04-15,Man City,Leicester,3,1,H,4,4,0,0,15,15,3,28,0,1,4,9,18,2,15,15,6,39,0,0,6,15,23,0,H
2023-04-16,West Ham,Arsenal,2,2,D,3,5,0,0,7,4,10,17,0,13,16,6,32,0,0,3,11,12,2,15,11,3,35,0,A
2023-04-16,Nottingham,Man United,0,2,A,0,8,0,0,1,4,10,18,0,7,3,9,23,0,0,0,3,3,0,3,3,0,8,0,H
2023-04-17,Leeds,Liverpool,1,6,A,3,7,0,0,7,10,14,26,0,5,10,7,25,0,3,2,19,18,2,12,19,2,58,0,A
2023-04-21,Arsenal,Southampton,3,3,D,6,6,0,0,11,15,6,28,0,1,4,12,16,0,7,7,3,25,0,7,3,7,21,0,H
2023-04-22,Fulham,Leeds,2,1,H,5,2,0,0,3,6,10,19,0,6,9,18,25,0,6,11,11,34,0,9,11,11,33,0,H
2023-04-22,Brentford,Aston Villa,1,1,D,5,2,0,0,2,5,9,17,1,15,12,1,25,0,8,6,8,15,0,5,8,6,31,0,A
2023-04-22,Crystal Palace,Everton,0,0,D,2,5,0,1,9,10,7,26,0,5,5,8,23,1,6,10,11,24,0,9,11,10,30,0,A
2023-04-22,Leicester,Wolves,2,1,H,8,3,0,0,1,4,9,15,1,7,7,7,26,1,9,8,4,28,0,6,4,8,17,0,H
2023-04-22,Liverpool,Nottingham,3,2,H,6,5,0,0,5,9,8,24,0,1,3,9,13,0,0,0,1,7,0,3,1,0,7,0,H
2023-04-23,Bournemouth,West Ham,0,4,A,5,10,0,0,9,6,8,26,0,8,6,8,18,0,5,5,10,18,0,8,10,5,26,0,A
2023-04-23,Newcastle,Tottenham,6,1,H,8,3,0,0,12,11,6,24,0,8,11,9,23,1,3,8,17,9,2,12,17,8,25,0,A
2023-04-25,Wolves,Crystal Palace,2,0,H,3,4,0,0,7,7,7,25,1,10,10,6,25,0,0,1,10,18,0,15,10,1,32,0,A
2023-04-25,Aston Villa,Fulham,1,0,H,3,0,0,0,13,10,2,18,0,6,6,8,19,0,6,7,8,23,1,9,8,7,36,0,H
2023-04-25,Leeds,Leicester,1,1,D,3,3,0,0,3,6,18,23,0,3,5,9,22,1,2,2,6,20,0,11,6,2,15,0,H
2023-04-26,Nottingham,Brighton,3,1,H,5,7,0,0,1,4,10,15,0,10,9,6,40,0,1,0,0,0,0,1,0,0,7,0,A
2023-04-26,Chelsea,Brentford,0,2,A,4,1,0,0,2,3,7,21,0,2,5,9,20,0,7,4,8,23,0,7,8,4,31,0,A
2023-04-26,West Ham,Liverpool,1,2,A,2,4,0,0,10,9,7,22,0,8,12,9,24,0,6,6,7,19,0,9,7,6,27,0,A
2023-04-26,Man City,Arsenal,4,1,H,9,2,0,0,15,14,3,27,0,9,15,9,27,0,15,17,3,30,0,0,3,17,5,4,H
2023-04-27,Everton,Newcastle,1,4,A,5,8,0,0,3,4,8,22,2,12,15,6,28,0,6,4,7,12,2,9,7,4,34,0,A
2023-04-27,Southampton,Bournemouth,0,1,A,2,2,0,0,2,7,13,21,0,9,6,9,28,0,8,5,5,23,0,5,5,5,20,0,H
2023-04-27,Tottenham,Man United,2,2,D,7,8,0,0,5,9,14,19,1,10,5,2,27,0,0,4,14,8,0,15,14,4,30,0,A
2023-04-29,Crystal Palace,West Ham,4,3,H,6,4,0,0,10,9,4,25,0,7,9,9,22,0,5,10,11,22,0,8,11,10,20,0,A
2023-04-29,Brentford,Nottingham,2,1,H,8,3,0,0,4,4,6,16,0,3,6,10,13,0,1,2,2,2,0,1,2,2,7,0,D
2023-04-29,Brighton,Wolves,6,0,H,8,2,0,0,7,9,9,42,0,10,7,3,20,0,9,9,4,30,0,6,4,9,17,1,H
2023-04-30,Bournemouth,Leeds,4,1,H,7,6,0,0,9,5,8,23,0,4,6,15,21,0,0,3,4,6,0,3,4,3,4,0,H
2023-04-30,Fulham,Man City,1,2,A,1,9,0,0,6,6,6,17,0,15,16,4,33,0,0,1,15,6,1,15,15,1,39,1,A
2023-04-30,Man United,Aston Villa,1,0,H,6,1,0,0,10,7,4,31,0,13,9,2,19,0,2,5,9,23,0,11,9,5,28,0,H
2023-04-30,Newcastle,Southampton,3,1,H,5,3,0,0,12,17,7,30,0,1,4,11,16,0,11,12,7,22,0,2,7,12,27,0,H
2023-04-30,Liverpool,Tottenham,4,3,H,4,7,0,0,11,13,6,27,0,5,8,13,23,1,7,8,7,24,2,4,7,8,21,0,H
2023-05-01,Leicester,Everton,2,2,D,6,8,0,0,4,5,8,23,1,2,3,10,24,2,5,6,6,32,0,8,6,6,16,0,H
2023-05-02,Arsenal,Chelsea,3,1,H,10,4,0,0,6,12,12,24,0,1,1,7,18,0,9,9,8,16,0,6,8,9,15,0,H
2023-05-03,Liverpool,Fulham,1,0,H,3,3,0,0,13,17,9,27,0,6,6,6,16,0,8,8,6,27,0,5,6,8,17,0,H
2023-05-03,Man City,West Ham,3,0,H,7,2,0,0,15,17,5,38,0,7,11,8,24,0,11,10,6,36,0,2,6,10,11,0,H
2023-05-04,Brighton,Man United,1,0,H,6,5,0,0,9,12,6,35,0,13,8,2,36,0,9,10,5,22,2,6,5,10,29,0,D
2023-05-06,Bournemouth,Chelsea,1,3,A,4,5,0,0,12,9,7,27,0,1,2,8,14,0,6,4,5,13,0,9,5,4,26,0,H
2023-05-06,Man City,Leeds,2,1,H,6,2,0,0,15,16,4,37,0,1,5,18,21,0,15,25,1,51,0,0,1,25,11,0,H
2023-05-06,Tottenham,Crystal Palace,1,0,H,3,2,0,0,4,10,16,28,0,10,11,6,22,0,9,10,6,20,2,6,6,10,12,2,A
2023-05-06,Wolves,Aston Villa,1,0,H,2,3,0,0,9,6,8,21,0,10,7,2,15,0,13,11,7,21,0,1,7,11,24,0,H
2023-05-06,Liverpool,Brentford,1,0,H,5,1,0,0,15,16,7,24,0,7,6,6,23,0,8,13,9,44,0,5,9,13,17,0,H
2023-05-07,Newcastle,Arsenal,0,2,A,5,6,0,0,12,15,7,27,0,6,11,12,28,0,7,4,4,19,0,7,4,4,20,0,H
2023-05-07,West Ham,Man United,1,0,H,4,4,0,0,4,10,11,21,0,10,7,3,38,0,0,2,7,15,0,15,7,2,29,0,A
2023-05-08,Fulham,Leicester,5,3,H,7,9,0,0,6,6,6,16,0,5,6,8,25,0,10,6,4,19,0,4,4,6,26,0,A
2023-05-08,Brighton,Everton,1,5,A,5,5,0,0,9,11,6,35,0,2,4,11,26,1,9,10,9,24,0,6,9,10,26,0,A
2023-05-08,Nottingham,Southampton,4,3,H,4,5,0,0,3,6,10,15,0,1,5,13,16,0,3,1,0,1,0,0,0,1,0,0,H
2023-05-13,Leeds,Newcastle,2,2,D,4,5,1,0,1,5,15,16,0,9,13,8,28,0,3,2,4,27,0,9,4,2,25,0,A
2023-05-13,Aston Villa,Tottenham,2,1,H,4,2,0,0,7,5,3,15,0,4,9,15,28,0,3,4,12,26,0,12,12,4,28,0,H
2023-05-13,Chelsea,Nottingham,2,2,D,6,2,0,0,3,5,9,16,0,6,10,11,17,0,1,1,1,2,0,1,1,1,5,0,D
2023-05-13,Crystal Palace,Bournemouth,2,0,H,5,0,0,0,7,6,6,16,0,9,9,10,24,0,8,8,6,24,1,5,6,8,20,0,H
2023-05-13,Man United,Wolves,2,0,H,9,0,0,0,7,5,4,31,0,9,6,8,19,0,9,3,2,16,0,6,2,3,27,0,H
2023-05-13,Southampton,Fulham,0,2,A,1,4,0,0,1,7,13,20,0,6,8,8,16,0,7,9,6,25,0,7,6,9,15,0,H
2023-05-14,Brentford,West Ham,2,0,H,10,4,0,0,7,5,5,18,0,6,9,9,22,0,15,10,2,32,0,0,2,10,17,0,H
2023-05-14,Everton,Man City,0,3,A,3,4,0,0,5,9,10,30,1,15,14,4,35,0,1,1,9,7,0,13,9,1,33,0,A
2023-05-14,Arsenal,Brighton,0,3,A,2,6,0,0,8,11,10,29,0,9,11,9,36,0,5,6,6,19,0,8,6,6,15,0,D
2023-05-15,Leicester,Liverpool,0,3,A,4,5,0,0,5,9,12,30,0,15,11,6,22,0,6,3,6,6,0,9,6,3,35,0,D
2023-05-18,Newcastle,Brighton,4,1,H,9,2,0,0,10,15,7,31,0,9,12,8,32,0,9,6,4,11,0,3,4,6,25,2,D
2023-05-20,Tottenham,Brentford,1,3,A,8,4,0,0,4,8,14,22,0,10,7,3,25,0,9,6,2,20,0,3,2,6,13,0,H
2023-05-20,Bournemouth,Man United,0,1,A,4,5,0,0,6,6,10,18,0,7,5,4,32,0,3,2,8,26,0,12,8,2,24,0,A
2023-05-20,Fulham,Crystal Palace,2,2,D,4,5,0,0,6,8,7,15,0,7,6,6,19,0,5,6,6,29,1,8,6,6,25,2,H
2023-05-20,Liverpool,Aston Villa,1,1,D,5,3,0,0,15,11,4,21,0,7,4,4,13,0,15,9,3,31,0,0,3,9,14,0,H
2023-05-20,Wolves,Everton,1,1,D,5,4,0,0,6,4,10,10,0,5,8,10,26,1,15,8,3,18,0,0,3,8,20,2,H
2023-05-20,Nottingham,Arsenal,1,0,H,2,3,0,0,7,12,11,19,0,7,9,11,26,0,0,0,5,2,0,3,5,0,10,0,H
2023-05-21,West Ham,Leeds,3,1,H,9,3,0,0,3,5,11,16,0,2,6,11,17,1,7,10,10,26,0,7,10,10,26,0,H
2023-05-21,Brighton,Southampton,3,1,H,8,1,0,0,9,12,9,27,0,1,7,13,17,0,7,9,7,22,0,4,7,9,22,0,H
2023-05-21,Man City,Chelsea,1,0,H,2,6,0,0,15,14,3,35,0,4,7,10,21,0,15,5,0,23,0,0,0,5,4,0,H
2023-05-22,Newcastle,Leicester,0,0,D,4,1,0,0,10,13,7,32,0,5,8,12,30,0,9,7,10,25,0,6,10,7,16,0,H
2023-05-24,Brighton,Man City,1,1,D,7,4,0,0,9,9,10,27,0,15,11,2,28,0,0,3,17,14,0,15,17,3,42,0,A
2023-05-25,Man United,Chelsea,4,1,H,9,5,0,0,9,4,2,29,0,4,6,9,25,0,5,5,5,16,0,5,5,5,26,0,H
2023-05-28,Arsenal,Wolves,5,0,H,8,0,0,0,6,6,9,23,0,7,4,9,12,0,15,8,2,18,2,0,2,8,14,0,H
2023-05-28,Aston Villa,Brighton,2,1,H,5,4,0,0,7,4,4,14,0,7,9,11,28,0,15,10,1,20,0,0,1,10,8,0,H
2023-05-28,Brentford,Man City,1,0,H,4,3,0,0,12,9,3,24,0,13,10,2,23,0,3,2,7,16,0,12,7,2,26,0,A
2023-05-28,Chelsea,Newcastle,1,1,D,5,4,0,0,4,7,11,26,0,8,9,6,28,0,12,8,1,20,0,3,1,8,9,0,H
2023-05-28,Crystal Palace,Nottingham,1,1,D,4,4,0,0,7,8,8,22,0,10,11,8,16,0,0,0,1,0,0,3,1,0,2,0,H
2023-05-28,Everton,Bournemouth,1,0,H,6,2,0,0,5,9,11,25,0,6,6,7,17,0,4,6,11,16,1,10,11,6,31,1,A
2023-05-28,Leeds,Tottenham,1,4,A,2,7,0,0,2,6,12,18,1,4,8,11,27,0,0,5,16,25,1,15,16,5,38,0,A
2023-05-28,Leicester,West Ham,2,1,H,4,3,0,0,3,6,11,23,0,6,7,10,23,0,5,8,12,12,2,8,12,8,26,0,A
2023-05-28,Man United,Fulham,2,1,H,8,3,0,0,9,7,3,32,0,7,10,8,19,0,11,11,6,40,0,2,6,11,24,1,H
2023-05-28,Southampton,Liverpool,4,4,D,10,8,0,0,0,5,13,12,0,13,10,4,22,0,0,3,15,15,0,15,15,3,29,0,A
